XID,Unit Type,Unit Size,Area Type,Price,Possession Date
410449,3 BHK,1400 sq.ft,Super Area,1.48 Cr,Possession by Dec'27
410449,3 BHK,1409 sq.ft,Super Area,1.49 Cr,Possession by Dec'27
410449,3 BHK,1428 sq.ft,Super Area,1.51 Cr,Possession by Dec'27
410449,3 BHK,1459 sq.ft,Super Area,1.55 Cr,Possession by Dec'27
410449,3 BHK,1460 sq.ft,Super Area,1.55 Cr,Possession by Dec'27
410449,3 BHK,1500 sq.ft,Super Area,1.59 Cr,Possession by Dec'27
410449,3 BHK,1650 sq.ft,Super Area,1.75 Cr,Possession by Dec'27
410449,3 BHK,1774 sq.ft,Super Area,1.88 Cr,Possession by Dec'27
410449,3 BHK,1784 sq.ft,Super Area,1.89 Cr,Possession by Dec'27
410449,3 BHK,1800 sq.ft,Super Area,1.91 Cr,Possession by Dec'27
410449,3 BHK,1820 sq.ft,Super Area,1.93 Cr,Possession by Dec'27
410449,3 BHK,1837 sq.ft,Super Area,1.95 Cr,Possession by Dec'27
410449,3 BHK,1855 sq.ft,Super Area,1.97 Cr,Possession by Dec'27
410449,2 BHK,880 sq.ft,Super Area,1.42 Cr,Possession by Dec'27
410449,2 BHK,900 sq.ft,Super Area,95.7 Lac,Possession by Dec'27
410449,2 BHK,925 sq.ft,Super Area,98.3 Lac,Possession by Dec'27
410449,2 BHK,950 sq.ft,Super Area,1 Cr,Possession by Dec'27
410449,2 BHK,1050 sq.ft,Super Area,1.11 Cr,Possession by Dec'27
410449,4 BHK,2133 sq.ft,Super Area,2.26 Cr,Possession by Dec'27
410449,4 BHK,2369 sq.ft,Super Area,2.51 Cr,Possession by Dec'27
410449,4 BHK,2451 sq.ft,Super Area,2.60 Cr,Possession by Dec'27
410449,4 BHK,2500 sq.ft,Super Area,2.65 Cr,Possession by Dec'27
410449,4 BHK villa,3463 sq.ft,Super Area,4.15 Cr,Possession by Dec'27
410449,4 BHK villa,4170 sq.ft,Super Area,5 Cr,Possession by Dec'27
422150,3 BHK,1431 sq.ft,Super Area,1.44 Cr,Possession by Jan'29
422150,3 BHK,1700 sq.ft,Super Area,1.70 Cr,Possession by Jan'29
422150,3 BHK,1765 sq.ft,Super Area,1.78 Cr,Possession by Jan'29
422150,3 BHK,1790 sq.ft,Super Area,1.81 Cr,Possession by Jan'29
422150,3 BHK,2741 sq.ft,Super Area,2.77 Cr,Possession by Jan'29
422150,4 BHK,2450 sq.ft,Super Area,2.35 Cr,Possession by Jan'29
422150,4 BHK,2480 sq.ft,Super Area,2.38 Cr,Possession by Jan'29
422150,4 BHK,2900 sq.ft,Super Area,3 Cr,Possession by Jan'29
422150,4 BHK,3630 sq.ft,Super Area,3.67 Cr,Possession by Jan'29
424462,3 BHK,1265 sq.ft,Super Area,1.61 Cr,Possession by Oct'29
424462,3 BHK,1583 sq.ft,Super Area,2.02 Cr,Possession by Oct'29
424462,3 BHK,1950 sq.ft,Super Area,2.49 Cr,Possession by Oct'29
424462,3 BHK,1953 sq.ft,Super Area,2.50 Cr,Possession by Oct'29
424462,3 BHK,2000 sq.ft,Super Area,2.56 Cr,Possession by Oct'29
424462,3 BHK,2300 sq.ft,Super Area,2.94 Cr,Possession by Oct'29
424462,3 BHK,2439 sq.ft,Super Area,3.12 Cr,Possession by Oct'29
424462,5 BHK,6000 sq.ft,Super Area,7.68 Cr,Possession by Oct'29
424462,4 BHK,1988 sq.ft,Super Area,2.54 Cr,Possession by Oct'29
424462,4 BHK,3000 sq.ft,Super Area,3.84 Cr,Possession by Oct'29
424462,4 BHK,3060 sq.ft,Super Area,3.91 Cr,Possession by Oct'29
421530,3 BHK,1400 sq.ft,Super Area,1.05 Cr,Possession by Dec'27
421530,3 BHK,1488 sq.ft,Super Area,1.19 Cr,Possession by Dec'27
421530,3 BHK,1542 sq.ft,Super Area,1.23 Cr,Possession by Dec'27
421530,3 BHK,1642 sq.ft,Super Area,1.31 Cr,Possession by Dec'27
421530,3 BHK,1917 sq.ft,Super Area,1.91 Cr,Possession by Dec'27
421530,4 BHK,1968 sq.ft,Super Area,1.96 Cr,Possession by Dec'27
421530,4 BHK,2175 sq.ft,Super Area,2.17 Cr,Possession by Dec'27
424433,3 BHK,1334 sq.ft,Super Area,1.21 Cr,Possession by Sep'28
424433,3 BHK,1349 sq.ft,Super Area,1.23 Cr,Possession by Sep'28
424433,3 BHK,1480 sq.ft,Super Area,1.34 Cr,Possession by Sep'28
424433,3 BHK,1494 sq.ft,Super Area,1.36 Cr,Possession by Sep'28
424433,2 BHK,986 sq.ft,Super Area,86 Lac,Possession by Sep'28
424433,2 BHK,1030 sq.ft,Super Area,89.8 Lac,Possession by Sep'28
424433,2 BHK,1059 sq.ft,Super Area,96.6 Lac,Possession by Sep'28
424433,2 BHK,1088 sq.ft,Super Area,99.2 Lac,Possession by Sep'28
424433,2 BHK,1261 sq.ft,Super Area,1.09 Cr,Possession by Sep'28
432183,3 BHK,1523 sq.ft,Super Area,1.36 Cr,Possession by Nov'25
432183,3 BHK,1546 sq.ft,Super Area,1.38 Cr,Possession by Nov'25
432183,2 BHK,1175 sq.ft,Super Area,1.04 Cr,Possession by Nov'25
432183,2 BHK,1188 sq.ft,Super Area,1.06 Cr,Possession by Nov'25
432183,2 BHK,1240 sq.ft,Super Area,1.10 Cr,Possession by Nov'25
434549,3 BHK,1325 sq.ft,Super Area,1.19 Cr,Possession by Aug'27
434549,3 BHK,1665 sq.ft,Super Area,1.50 Cr,Possession by Aug'27
434549,3 BHK,1785 sq.ft,Super Area,1.61 Cr,Possession by Aug'27
424563,3 BHK,1661 sq.ft,Super Area,1.68 Cr,Possession by Dec'28
424563,3 BHK,1758 sq.ft,Super Area,1.78 Cr,Possession by Dec'28
424563,3 BHK,1864 sq.ft,Super Area,1.88 Cr,Possession by Dec'28
424563,3 BHK,2067 sq.ft,Super Area,2.09 Cr,Possession by Dec'28
424563,3 BHK,2112 sq.ft,Super Area,2.14 Cr,Possession by Dec'28
424563,3 BHK,2244 sq.ft,Super Area,2.27 Cr,Possession by Dec'28
5144,Studio apartment,470 sq.ft,Super Area,49 Lac,Possession by Jan'29
5144,3 BHK,1318 sq.ft,Super Area,1.32 Cr,Possession by Jan'29
5144,3 BHK,1582 sq.ft,Super Area,1.59 Cr,Possession by Jan'29
5144,3 BHK,1705 sq.ft,Super Area,1.66 Cr,Possession by Jan'29
5144,3 BHK,1807 sq.ft,Super Area,1.87 Cr,Possession by Jan'29
5144,3 BHK,1848 sq.ft,Super Area,1.98 Cr,Possession by Jan'29
5144,3 BHK,2182 sq.ft,Super Area,2.24 Cr,Possession by Jan'29
5144,2 BHK,1140 sq.ft,Super Area,1.12 Cr,Possession by Jan'29
5144,2 BHK,1198 sq.ft,Super Area,1.17 Cr,Possession by Jan'29
5144,2 BHK,1294 sq.ft,Super Area,1.32 Cr,Possession by Jan'29
5144,4 BHK,1848 sq.ft,Super Area,1.91 Cr,Possession by Jan'29
5144,4 BHK,2141 sq.ft,Super Area,2.21 Cr,Possession by Jan'29
5144,4 BHK,2502 sq.ft,Super Area,2.58 Cr,Possession by Jan'29
5144,1 BHK,731 sq.ft,Super Area,75.7 Lac,Possession by Jan'29
434570,Residential,Plot undefined sq.yrd,Area Not Available,Call for Price,
434570,Residential,Plot undefined sq.yrd,Area Not Available,Call for Price,
434570,3,BHK Flat 1799 sq.ft,Area Not Available,Call for Price,Under Construction
434570,,Size Not Available,Area Not Available,,
434570,,Size Not Available,Area Not Available,,
434570,,Size Not Available,Area Not Available,,
434570,,Size Not Available,Area Not Available,,
402984,3 BHK,1513 sq.ft,Super Area,1.67 Cr,Possession by Sep'29
402984,3 BHK,1701 sq.ft,Super Area,1.95 Cr,Possession by Sep'29
402984,3 BHK,1734 sq.ft,Super Area,1.97 Cr,Possession by Sep'29
402984,4 BHK,2491 sq.ft,Super Area,2.85 Cr,Possession by Sep'29
402984,4 BHK,2527 sq.ft,Super Area,2.88 Cr,Possession by Sep'29
402984,4 BHK,2540 sq.ft,Super Area,2.90 Cr,Possession by Sep'29
378411,3 BHK,1415 sq.ft,Super Area,1.44 Cr,Possession by Jul'26
378411,3 BHK,1430 sq.ft,Super Area,1.43 Cr,Possession by Jul'26
378411,3 BHK,1465 sq.ft,Super Area,1.49 Cr,Possession by Jul'26
378411,3 BHK,1600 sq.ft,Super Area,1.62 Cr,Possession by Jul'26
378411,3 BHK,1620 sq.ft,Super Area,1.57 Cr,Possession by Jul'26
378411,3 BHK,1660 sq.ft,Super Area,1.68 Cr,Possession by Jul'26
379399,3 BHK,994 sq.ft,Super Area,64.9 Lac,Possession by Mar'25
379399,2 BHK,785 sq.ft,Super Area,51.6 Lac,Possession by Mar'25
379399,2 BHK,873 sq.ft,Super Area,57.2 Lac,Possession by Mar'25
396805,3 BHK,1469 sq.ft,Super Area,1.88 Cr,Possession by Dec'28
396805,3 BHK,1486 sq.ft,Super Area,1.89 Cr,Possession by Dec'28
396805,3 BHK,1492 sq.ft,Super Area,1.90 Cr,Possession by Dec'28
396805,3 BHK,1647 sq.ft,Super Area,2 Cr,Possession by Dec'28
396805,3 BHK,1810 sq.ft,Super Area,2.02 Cr,Possession by Dec'28
396805,3 BHK,1823 sq.ft,Super Area,2.05 Cr,Possession by Dec'28
396805,3 BHK,1841 sq.ft,Super Area,2.06 Cr,Possession by Dec'28
396805,3 BHK,1854 sq.ft,Super Area,2.08 Cr,Possession by Dec'28
396805,3 BHK,1877 sq.ft,Super Area,2.21 Cr,Possession by Dec'28
396805,3 BHK,1900 sq.ft,Super Area,2.25 Cr,Possession by Dec'28
396805,3 BHK,2057 sq.ft,Super Area,2.35 Cr,Possession by Dec'28
396805,3 BHK,2927 sq.ft,Super Area,2.60 Cr,Possession by Dec'28
396805,3 BHK,2928 sq.ft,Super Area,3.67 Cr,Possession by Dec'28
396805,2 BHK,1472 sq.ft,Super Area,1.87 Cr,Possession by Dec'28
403699,3 BHK,1039 sq.ft,Super Area,7.33 Cr,Possession by Dec'28
403699,3 BHK,1044 sq.ft,Super Area,7.36 Cr,Possession by Dec'28
403699,3 BHK,1410 sq.ft,Super Area,9.94 Cr,Possession by Dec'28
403699,3 BHK,1496 sq.ft,Super Area,10.55 Cr,Possession by Dec'28
432522,Studio apartment,468 sq.ft,Super Area,67.3 Lac,Possession by May'29
432522,3 BHK,1733 sq.ft,Super Area,2.43 Cr,Possession by May'29
432522,3 BHK,1770 sq.ft,Super Area,2.48 Cr,Possession by May'29
432522,3 BHK,1813 sq.ft,Super Area,2.54 Cr,Possession by May'29
432522,2 BHK,1280 sq.ft,Super Area,1.82 Cr,Possession by May'29
432522,2 BHK,1398 sq.ft,Super Area,1.98 Cr,Possession by May'29
432522,1 BHK,753 sq.ft,Super Area,1.10 Cr,Possession by May'29
432522,4 BHK villa,3336 sq.ft,Super Area,4.93 Cr,Possession by May'29
432522,4 BHK villa,3363 sq.ft,Super Area,4.97 Cr,Possession by May'29
432522,4 BHK villa,3471 sq.ft,Super Area,5.13 Cr,Possession by May'29
432522,4 BHK villa,3488 sq.ft,Super Area,5.15 Cr,Possession by May'29
432522,4 BHK villa,3543 sq.ft,Super Area,5.23 Cr,Possession by May'29
423949,3 BHK,1500 sq.ft,Super Area,1.55 Cr,Possession by Dec'27
423949,3 BHK,1590 sq.ft,Super Area,1.48 Cr,Possession by Dec'27
423949,3 BHK,1675 sq.ft,Super Area,1.56 Cr,Possession by Dec'27
423949,3 BHK,1735 sq.ft,Super Area,1.61 Cr,Possession by Dec'27
423949,3 BHK,1790 sq.ft,Super Area,1.67 Cr,Possession by Dec'27
433742,3 BHK,1509 sq.ft,Super Area,1.74 Cr,Possession by Jan'29
433742,3 BHK,1587 sq.ft,Super Area,1.83 Cr,Possession by Jan'29
433742,3 BHK,1754 sq.ft,Super Area,1.98 Cr,Possession by Jan'29
433742,3 BHK,1881 sq.ft,Super Area,2.18 Cr,Possession by Jan'29
433742,3 BHK,1998 sq.ft,Super Area,2.31 Cr,Possession by Jan'29
433742,3 BHK,2186 sq.ft,Super Area,2.53 Cr,Possession by Jan'29
433742,3 BHK,2217 sq.ft,Super Area,2.57 Cr,Possession by Jan'29
433742,4 BHK,2662 sq.ft,Super Area,3.08 Cr,Possession by Jan'29
413742,3 BHK,1416 sq.ft,Super Area,1.48 Cr,Possession by Dec'27
413742,3 BHK,1427 sq.ft,Super Area,1.54 Cr,Possession by Dec'27
413742,2 BHK,1025 sq.ft,Super Area,1.09 Cr,Possession by Dec'27
413742,1 BHK,545 sq.ft,Super Area,54.2 Lac,Possession by Dec'27
389272,3 BHK,1550 sq.ft,Super Area,80.1 Lac,Possession by Apr'24
389272,2 BHK,1303 sq.ft,Super Area,66.5 Lac,Possession by Apr'24
389272,1 BHK,816 sq.ft,Super Area,41.9 Lac,Possession by Apr'24
386991,2 BHK,1255 sq.ft,Super Area,1 Cr,Possession by Dec'25
386991,2 BHK,1524 sq.ft,Super Area,1.45 Cr,Possession by Dec'25
386991,2 BHK,1542 sq.ft,Super Area,1.72 Cr,Possession by Dec'25
426710,3,BHK Flat 1016 sq.ft,Area Not Available,Call for Price,Under Construction
426710,3,BHK Flat 1016 sq.ft,Area Not Available,Call for Price,Under Construction
426710,3,BHK Flat 1016 sq.ft,Area Not Available,Call for Price,Under Construction
426710,,Size Not Available,Area Not Available,,
426710,,Size Not Available,Area Not Available,,
426710,,Size Not Available,Area Not Available,,
426710,,Size Not Available,Area Not Available,,
426710,,Size Not Available,Area Not Available,,
387255,3 BHK,939 sq.ft,Super Area,3.56 Cr,Possession by Jun'25
387255,3 BHK,995 sq.ft,Super Area,3.77 Cr,Possession by Jun'25
387255,3 BHK,1005 sq.ft,Super Area,3.15 Cr,Possession by Jun'25
387255,3 BHK,1040 sq.ft,Super Area,3.95 Cr,Possession by Jun'25
387255,3 BHK,1065 sq.ft,Super Area,4.04 Cr,Possession by Jun'25
387255,3 BHK,1086 sq.ft,Super Area,4.12 Cr,Possession by Jun'25
387255,3 BHK,1131 sq.ft,Super Area,4.29 Cr,Possession by Jun'25
387255,3 BHK,1159 sq.ft,Super Area,4.40 Cr,Possession by Jun'25
387255,3 BHK,1878 sq.ft,Super Area,5.48 Cr,Possession by Jun'25
387255,2 BHK,658 sq.ft,Super Area,2.10 Cr,Possession by Jun'25
387255,2 BHK,810 sq.ft,Super Area,3.07 Cr,Possession by Jun'25
387255,2 BHK,1092 sq.ft,Super Area,3.19 Cr,Possession by Jun'25
387255,4 BHK,2000 sq.ft,Super Area,7.59 Cr,Possession by Jun'25
387255,4 BHK,3000 sq.ft,Super Area,8.62 Cr,Possession by Jun'25
434535,3 BHK,1477 sq.ft,Super Area,1.35 Cr,Possession by Oct'29
434535,3 BHK,1481 sq.ft,Super Area,1.35 Cr,Possession by Oct'29
434535,3 BHK,1482 sq.ft,Super Area,1.35 Cr,Possession by Oct'29
434535,3 BHK,1486 sq.ft,Super Area,1.36 Cr,Possession by Oct'29
434535,3 BHK,1490 sq.ft,Super Area,1.36 Cr,Possession by Oct'29
434535,3 BHK,1539 sq.ft,Super Area,1.40 Cr,Possession by Oct'29
434535,2 BHK,1107 sq.ft,Super Area,1.01 Cr,Possession by Oct'29
434535,2 BHK,1125 sq.ft,Super Area,1.03 Cr,Possession by Oct'29
434535,2 BHK,1130 sq.ft,Super Area,1.03 Cr,Possession by Oct'29
434535,2 BHK,1134 sq.ft,Super Area,1.04 Cr,Possession by Oct'29
434535,2 BHK,1199 sq.ft,Super Area,1.10 Cr,Possession by Oct'29
434535,2 BHK,1241 sq.ft,Super Area,1.12 Cr,Possession by Oct'29
430897,2 BHK,551 sq.ft,Super Area,1.41 Cr,Possession by Dec'27
430897,2 BHK,584 sq.ft,Super Area,1.49 Cr,Possession by Dec'27
430897,2 BHK,590 sq.ft,Super Area,1.51 Cr,Possession by Dec'27
430897,2 BHK,630 sq.ft,Super Area,1.61 Cr,Possession by Dec'27
430897,2 BHK,639 sq.ft,Super Area,1.64 Cr,Possession by Dec'27
430897,1 BHK,428 sq.ft,Super Area,1.09 Cr,Possession by Dec'27
430897,1 BHK,462 sq.ft,Super Area,1.18 Cr,Possession by Dec'27
430897,1 BHK,481 sq.ft,Super Area,1.23 Cr,Possession by Dec'27
205909,3,BHK Flat 1144 sq.ft,Area Not Available,"₹ 2.13 Cr
₹1.85 lakh EMI",Under Construction
205909,3,BHK Flat 1133 sq.ft,Area Not Available,"₹ 2.40 Cr
₹2.08 lakh EMI",Under Construction
205909,2,BHK Flat 794 sq.ft,Area Not Available,"₹ 1.50 Cr
₹1.3 lakh EMI",Under Construction
205909,,Size Not Available,Area Not Available,,
205909,,Size Not Available,Area Not Available,,
205909,,Size Not Available,Area Not Available,,
415717,3 BHK,1516 sq.ft,Super Area,1.03 Cr,Possession by Apr'25
415717,3 BHK,1696 sq.ft,Super Area,1.15 Cr,Possession by Apr'25
415717,3 BHK,1700 sq.ft,Super Area,1.15 Cr,Possession by Apr'25
415717,3 BHK,1706 sq.ft,Super Area,1.16 Cr,Possession by Apr'25
415717,3 BHK,1719 sq.ft,Super Area,1.16 Cr,Possession by Apr'25
415717,3 BHK,1736 sq.ft,Super Area,1.18 Cr,Possession by Apr'25
415717,3 BHK,1805 sq.ft,Super Area,1.22 Cr,Possession by Apr'25
415717,3 BHK,1885 sq.ft,Super Area,1.28 Cr,Possession by Apr'25
415717,2 BHK,1166 sq.ft,Super Area,79.3 Lac,Possession by Apr'25
415717,2 BHK,1263 sq.ft,Super Area,85.9 Lac,Possession by Apr'25
415717,2 BHK,1351 sq.ft,Super Area,91.9 Lac,Possession by Apr'25
415717,2 BHK,1375 sq.ft,Super Area,93.5 Lac,Possession by Apr'25
415717,2 BHK,1390 sq.ft,Super Area,94.5 Lac,Possession by Apr'25
407744,3 BHK,1406 sq.ft,Super Area,2.04 Cr,Possession by Jun'29
407744,3 BHK,1434 sq.ft,Super Area,2.09 Cr,Possession by Jun'29
407744,3 BHK,1628 sq.ft,Super Area,2.36 Cr,Possession by Jun'29
407744,3 BHK,1630 sq.ft,Super Area,2.37 Cr,Possession by Jun'29
407744,5 BHK,2868 sq.ft,Super Area,4.18 Cr,Possession by Jun'29
374970,5 BHK villa,3375 sq.ft,Super Area,3.03 Cr,Possession by Dec'25
374970,5 BHK villa,4583 sq.ft,Super Area,4.12 Cr,Possession by Dec'25
374970,5 BHK villa,5431 sq.ft,Super Area,4.88 Cr,Possession by Dec'25
374970,4 BHK villa,2688 sq.ft,Super Area,2.41 Cr,Possession by Dec'25
374970,4 BHK villa,2705 sq.ft,Super Area,2.54 Cr,Possession by Dec'25
374970,4 BHK villa,3376 sq.ft,Super Area,3.03 Cr,Possession by Dec'25
374970,4 BHK villa,4341 sq.ft,Super Area,3.90 Cr,Possession by Dec'25
374970,4 BHK villa,4615 sq.ft,Super Area,4.15 Cr,Possession by Dec'25
374970,4 BHK villa,5418 sq.ft,Super Area,4.87 Cr,Possession by Dec'25
422989,Residential plot,1490 sq.ft,Super Area,1.71 Cr,Possession by Aug'26
422989,Residential plot,1500 sq.ft,Super Area,2.06 Cr,Possession by Aug'26
422989,Residential plot,1551 sq.ft,Super Area,1.75 Cr,Possession by Aug'26
422989,Residential plot,1552 sq.ft,Super Area,1.76 Cr,Possession by Aug'26
422989,Residential plot,1800 sq.ft,Super Area,2.32 Cr,Possession by Aug'26
422989,Residential plot,2300 sq.ft,Super Area,2.68 Cr,Possession by Aug'26
422989,Residential plot,2362 sq.ft,Super Area,2.69 Cr,Possession by Aug'26
422989,Residential plot,2400 sq.ft,Super Area,2.86 Cr,Possession by Aug'26
422989,Residential plot,2500 sq.ft,Super Area,2.71 Cr,Possession by Aug'26
430241,3 BHK,1580 sq.ft,Super Area,1.77 Cr,Possession by Dec'27
430241,3 BHK,1635 sq.ft,Super Area,1.83 Cr,Possession by Dec'27
430241,3 BHK,1710 sq.ft,Super Area,1.92 Cr,Possession by Dec'27
430241,3 BHK,1785 sq.ft,Super Area,1.79 Cr,Possession by Dec'27
430241,3 BHK,1805 sq.ft,Super Area,2.02 Cr,Possession by Dec'27
430241,3 BHK,1855 sq.ft,Super Area,1.89 Cr,Possession by Dec'27
430241,2 BHK,1209 sq.ft,Super Area,1.35 Cr,Possession by Dec'27
430241,2 BHK,1290 sq.ft,Super Area,1.45 Cr,Possession by Dec'27
430241,4 BHK,2120 sq.ft,Super Area,2.38 Cr,Possession by Dec'27
419935,3 BHK,1170 sq.ft,Super Area,4.11 Cr,Possession by Jun'29
419935,2 BHK,776 sq.ft,Super Area,2.73 Cr,Possession by Jun'29
419935,2 BHK,801 sq.ft,Super Area,2.81 Cr,Possession by Jun'29
419935,2 BHK,848 sq.ft,Super Area,2.98 Cr,Possession by Jun'29
409008,3 BHK,1611 sq.ft,Super Area,2.31 Cr,Possession by Dec'28
409008,3 BHK,1613 sq.ft,Super Area,2.33 Cr,Possession by Dec'28
409008,3 BHK,1885 sq.ft,Super Area,2.72 Cr,Possession by Dec'28
409008,3 BHK,1915 sq.ft,Super Area,2.74 Cr,Possession by Dec'28
409008,4 BHK,2333 sq.ft,Super Area,Price Not Available,Possession by Dec'28
409008,4 BHK,2400 sq.ft,Super Area,Price Not Available,Possession by Dec'28
409008,4 BHK,2441 sq.ft,Super Area,Price Not Available,Possession by Dec'28
409008,4 BHK,2481 sq.ft,Super Area,Price Not Available,Possession by Dec'28
409008,1 BHK,660 sq.ft,Super Area,93.1 Lac,Possession by Dec'28
409008,1 BHK,661 sq.ft,Super Area,95.6 Lac,Possession by Dec'28
371342,2 BHK,481 sq.ft,Super Area,96 Lac,Possession by Dec'27
371342,1 BHK,338 sq.ft,Super Area,67 Lac,Possession by Dec'27
371342,1 BHK,360 sq.ft,Super Area,72 Lac,Possession by Dec'27
371342,1 BHK,380 sq.ft,Super Area,77 Lac,Possession by Dec'27
403366,3 BHK,1367 sq.ft,Super Area,73.8 Lac,Possession by Jan'28
403366,3 BHK,1493 sq.ft,Super Area,77.6 Lac,Possession by Jan'28
403366,3 BHK,1562 sq.ft,Super Area,87.5 Lac,Possession by Jan'28
403366,2 BHK,1103 sq.ft,Super Area,61.8 Lac,Possession by Jan'28
403366,2 BHK,1182 sq.ft,Super Area,66.2 Lac,Possession by Jan'28
403366,2 BHK,1213 sq.ft,Super Area,67.9 Lac,Possession by Jan'28
426150,3 BHK,1970 sq.ft,Super Area,2.63 Cr,Possession by Dec'29
426150,3 BHK,2000 sq.ft,Super Area,2.67 Cr,Possession by Dec'29
426150,3 BHK,2025 sq.ft,Super Area,2.70 Cr,Possession by Dec'29
426150,3 BHK,2090 sq.ft,Super Area,2.78 Cr,Possession by Dec'29
426150,3 BHK,2140 sq.ft,Super Area,2.85 Cr,Possession by Dec'29
426150,3 BHK,2730 sq.ft,Super Area,3.86 Cr,Possession by Dec'29
426150,4 BHK,2560 sq.ft,Super Area,3.40 Cr,Possession by Dec'29
426150,4 BHK,2730 sq.ft,Super Area,3.62 Cr,Possession by Dec'29
61839,Residential,Plot undefined sq.ft,Area Not Available,"₹ 75 Lac
₹65.1K EMI",Oct '25
61839,Residential,Plot undefined sq.ft,Area Not Available,"₹ 1 Cr
₹86.8K EMI",
61839,Residential,Plot undefined sq.ft,Area Not Available,"₹ 60 Lac
₹52.1K EMI",Oct '25
61839,,Size Not Available,Area Not Available,,
61839,,Size Not Available,Area Not Available,,
61839,,Size Not Available,Area Not Available,,
61839,,Size Not Available,Area Not Available,,
61839,,Size Not Available,Area Not Available,,
61839,,Size Not Available,Area Not Available,,
61839,,Size Not Available,Area Not Available,,
413381,3 BHK,1565 sq.ft,Super Area,1.56 Cr,Possession by Dec'27
413381,3 BHK,1720 sq.ft,Super Area,1.72 Cr,Possession by Dec'27
413381,3 BHK,1727 sq.ft,Super Area,1.72 Cr,Possession by Dec'27
413381,3 BHK,1899 sq.ft,Super Area,1.89 Cr,Possession by Dec'27
413381,2 BHK,1357 sq.ft,Super Area,1.35 Cr,Possession by Dec'27
413381,2 BHK,1385 sq.ft,Super Area,1.38 Cr,Possession by Dec'27
432506,3 BHK,1500 sq.ft,Super Area,1.91 Cr,Possession by Jan'30
432506,3 BHK,1517 sq.ft,Super Area,1.86 Cr,Possession by Jan'30
432506,3 BHK,1581 sq.ft,Super Area,1.94 Cr,Possession by Jan'30
432506,3 BHK,1700 sq.ft,Super Area,2.22 Cr,Possession by Jan'30
432506,3 BHK,1796 sq.ft,Super Area,2.20 Cr,Possession by Jan'30
432506,3 BHK,1860 sq.ft,Super Area,2.28 Cr,Possession by Jan'30
432506,3 BHK,1900 sq.ft,Super Area,2.45 Cr,Possession by Jan'30
432506,3 BHK,1917 sq.ft,Super Area,2.35 Cr,Possession by Jan'30
432506,3 BHK,2100 sq.ft,Super Area,2.75 Cr,Possession by Jan'30
432506,3 BHK,2122 sq.ft,Super Area,2.45 Cr,Possession by Jan'30
432506,2 BHK,1195 sq.ft,Super Area,1.47 Cr,Possession by Jan'30
432506,2 BHK,1250 sq.ft,Super Area,1.59 Cr,Possession by Jan'30
432506,2 BHK,1262 sq.ft,Super Area,1.55 Cr,Possession by Jan'30
432506,2 BHK,1375 sq.ft,Super Area,1.69 Cr,Possession by Jan'30
432506,2 BHK,1447 sq.ft,Super Area,1.78 Cr,Possession by Jan'30
432506,4 BHK,2065 sq.ft,Super Area,2.54 Cr,Possession by Jan'30
432506,4 BHK,2157 sq.ft,Super Area,2.65 Cr,Possession by Jan'30
432506,4 BHK,2512 sq.ft,Super Area,3.08 Cr,Possession by Jan'30
432506,4 BHK,2600 sq.ft,Super Area,3.34 Cr,Possession by Jan'30
432506,4 BHK,3000 sq.ft,Super Area,3.95 Cr,Possession by Jan'30
430085,3 BHK,1422 sq.ft,Super Area,68 Lac,Possession by Mar'25
430085,3 BHK,1494 sq.ft,Super Area,71.2 Lac,Possession by Mar'25
430085,3 BHK,1495 sq.ft,Super Area,71.3 Lac,Possession by Mar'25
430085,2 BHK,1080 sq.ft,Super Area,52.6 Lac,Possession by Mar'25
430085,2 BHK,1170 sq.ft,Super Area,56.7 Lac,Possession by Mar'25
430085,2 BHK,1197 sq.ft,Super Area,57.9 Lac,Possession by Mar'25
430085,2 BHK,1198 sq.ft,Super Area,56 Lac,Possession by Mar'25
426777,3 BHK,1340 sq.ft,Super Area,1.31 Cr,Possession by Aug'27
426777,3 BHK,1355 sq.ft,Super Area,1.32 Cr,Possession by Aug'27
426777,3 BHK,1360 sq.ft,Super Area,1.33 Cr,Possession by Aug'27
426777,3 BHK,1385 sq.ft,Super Area,1.35 Cr,Possession by Aug'27
426777,3 BHK,1400 sq.ft,Super Area,1.37 Cr,Possession by Aug'27
426777,2 BHK,1085 sq.ft,Super Area,1.06 Cr,Possession by Aug'27
426777,2 BHK,1165 sq.ft,Super Area,1.14 Cr,Possession by Aug'27
426777,2 BHK,1230 sq.ft,Super Area,1.21 Cr,Possession by Aug'27
368250,Residential,Plot,Area Not Available,Call for Price,
368250,Residential,Plot,Area Not Available,Call for Price,
368250,Residential,Plot,Area Not Available,Call for Price,
368250,,Size Not Available,Area Not Available,,
368250,,Size Not Available,Area Not Available,,
368250,,Size Not Available,Area Not Available,,
368250,,Size Not Available,Area Not Available,,
368250,,Size Not Available,Area Not Available,,
368250,,Size Not Available,Area Not Available,,
368250,,Size Not Available,Area Not Available,,
368250,,Size Not Available,Area Not Available,,
368250,,Size Not Available,Area Not Available,,
368250,,Size Not Available,Area Not Available,,
368250,,Size Not Available,Area Not Available,,
426888,3 BHK,1740 sq.ft,Super Area,1.88 Cr,Possession by Dec'27
426888,2 BHK,1295 sq.ft,Super Area,1.40 Cr,Possession by Dec'27
426888,4 BHK,2985 sq.ft,Super Area,3.24 Cr,Possession by Dec'27
419500,3 BHK,1420 sq.ft,Super Area,1.49 Cr,Possession by Dec'28
419500,3 BHK,1430 sq.ft,Super Area,1.50 Cr,Possession by Dec'28
419500,3 BHK,1650 sq.ft,Super Area,1.73 Cr,Possession by Dec'28
419500,3 BHK,1675 sq.ft,Super Area,1.75 Cr,Possession by Dec'28
419500,2 BHK,930 sq.ft,Super Area,97 Lac,Possession by Dec'28
419500,2 BHK,1180 sq.ft,Super Area,1.22 Cr,Possession by Dec'28
419500,2 BHK,1185 sq.ft,Super Area,1.23 Cr,Possession by Dec'28
419500,2 BHK,1190 sq.ft,Super Area,1.23 Cr,Possession by Dec'28
419500,2 BHK,1200 sq.ft,Super Area,1.25 Cr,Possession by Dec'28
419500,1 BHK,970 sq.ft,Super Area,92.7 Lac,Possession by Dec'28
426518,3 BHK,1451 sq.ft,Super Area,1.33 Cr,Possession by Feb'27
426518,3 BHK,1464 sq.ft,Super Area,1.34 Cr,Possession by Feb'27
426518,3 BHK,1528 sq.ft,Super Area,1.40 Cr,Possession by Feb'27
426518,3 BHK,1546 sq.ft,Super Area,1.41 Cr,Possession by Feb'27
426518,3 BHK,1549 sq.ft,Super Area,1.42 Cr,Possession by Feb'27
426518,3 BHK,1608 sq.ft,Super Area,1.47 Cr,Possession by Feb'27
426518,3 BHK,1611 sq.ft,Super Area,1.47 Cr,Possession by Feb'27
426518,3 BHK,1680 sq.ft,Super Area,1.54 Cr,Possession by Feb'27
426518,3 BHK,1686 sq.ft,Super Area,1.54 Cr,Possession by Feb'27
426518,3 BHK,1687 sq.ft,Super Area,1.54 Cr,Possession by Feb'27
426518,2 BHK,1113 sq.ft,Super Area,97.6 Lac,Possession by Feb'27
426518,2 BHK,1168 sq.ft,Super Area,1.02 Cr,Possession by Feb'27
426518,2 BHK,1172 sq.ft,Super Area,1.02 Cr,Possession by Feb'27
426518,2 BHK,1186 sq.ft,Super Area,1.04 Cr,Possession by Feb'27
426518,2 BHK,1225 sq.ft,Super Area,1.07 Cr,Possession by Feb'27
426518,2 BHK,1229 sq.ft,Super Area,1.12 Cr,Possession by Feb'27
426518,2 BHK,1234 sq.ft,Super Area,1.08 Cr,Possession by Feb'27
426518,2 BHK,1237 sq.ft,Super Area,1.13 Cr,Possession by Feb'27
426518,2 BHK,1289 sq.ft,Super Area,1.12 Cr,Possession by Feb'27
426518,2 BHK,1298 sq.ft,Super Area,1.13 Cr,Possession by Feb'27
426518,2 BHK,1302 sq.ft,Super Area,1.19 Cr,Possession by Feb'27
426518,2 BHK,1303 sq.ft,Super Area,1.19 Cr,Possession by Feb'27
423236,3 BHK,1755 sq.ft,Super Area,2.48 Cr,Possession by Dec'27
423236,3 BHK,1765 sq.ft,Super Area,2.49 Cr,Possession by Dec'27
423236,3 BHK,1773 sq.ft,Super Area,2.47 Cr,Possession by Dec'27
423236,3 BHK,1775 sq.ft,Super Area,2.51 Cr,Possession by Dec'27
423236,3 BHK,1785 sq.ft,Super Area,2.52 Cr,Possession by Dec'27
423236,3 BHK,1788 sq.ft,Super Area,2.49 Cr,Possession by Dec'27
423236,3 BHK,1795 sq.ft,Super Area,2.54 Cr,Possession by Dec'27
423236,3 BHK,1805 sq.ft,Super Area,2.55 Cr,Possession by Dec'27
423236,3 BHK,1815 sq.ft,Super Area,2.56 Cr,Possession by Dec'27
423236,3 BHK,1818 sq.ft,Super Area,2.54 Cr,Possession by Dec'27
423236,3 BHK,1825 sq.ft,Super Area,2.58 Cr,Possession by Dec'27
423236,3 BHK,1835 sq.ft,Super Area,2.59 Cr,Possession by Dec'27
423236,3 BHK,1845 sq.ft,Super Area,2.61 Cr,Possession by Dec'27
423236,3 BHK,1945 sq.ft,Super Area,2.75 Cr,Possession by Dec'27
423236,3 BHK,1955 sq.ft,Super Area,2.76 Cr,Possession by Dec'27
423236,3 BHK,1962 sq.ft,Super Area,2.74 Cr,Possession by Dec'27
423236,3 BHK,2724 sq.ft,Super Area,3.85 Cr,Possession by Dec'27
423236,2 BHK,1411 sq.ft,Super Area,1.99 Cr,Possession by Dec'27
423236,2 BHK,1481 sq.ft,Super Area,2.09 Cr,Possession by Dec'27
423236,5 BHK,1962 sq.ft,Super Area,2.77 Cr,Possession by Dec'27
423236,5 BHK,1963 sq.ft,Super Area,2.77 Cr,Possession by Dec'27
423236,4 BHK,2279 sq.ft,Super Area,3.22 Cr,Possession by Dec'27
423236,4 BHK,2616 sq.ft,Super Area,3.62 Cr,Possession by Dec'27
423236,4 BHK,2617 sq.ft,Super Area,3.70 Cr,Possession by Dec'27
423236,4 BHK,3543 sq.ft,Super Area,5.01 Cr,Possession by Dec'27
428040,2 BHK,1150 sq.ft,Super Area,1.06 Cr,Possession by Dec'27
428040,2 BHK,1290 sq.ft,Super Area,1.20 Cr,Possession by Dec'27
428040,2 BHK,1420 sq.ft,Super Area,1.32 Cr,Possession by Dec'27
428040,2 BHK,1531 sq.ft,Super Area,1.42 Cr,Possession by Dec'27
428040,2 BHK,1620 sq.ft,Super Area,1.50 Cr,Possession by Dec'27
428040,2 BHK,1720 sq.ft,Super Area,1.60 Cr,Possession by Dec'27
431064,3 BHK,1020 sq.ft,Super Area,2.68 Cr,Possession by Dec'30
431064,3 BHK,1300 sq.ft,Super Area,3.41 Cr,Possession by Dec'30
431064,4 BHK,1730 sq.ft,Super Area,4.54 Cr,Possession by Dec'30
431064,4 BHK,2100 sq.ft,Super Area,5.52 Cr,Possession by Dec'30
396799,4 BHK,3827 sq.ft,Super Area,4.29 Cr,Possession by Jun'25
396799,5 BHK villa,4520 sq.ft,Super Area,4.80 Cr,Possession by Jun'25
396799,4 BHK villa,3836 sq.ft,Super Area,4.19 Cr,Possession by Jun'25
396799,4 BHK villa,4074 sq.ft,Super Area,5.87 Cr,Possession by Jun'25
396799,4 BHK villa,4250 sq.ft,Super Area,4.53 Cr,Possession by Jun'25
382144,3 BHK,759 sq.ft,Super Area,85.4 Lac,Possession by Mar'24
382144,2 BHK,530 sq.ft,Super Area,59.6 Lac,Possession by Mar'24
382144,2 BHK,540 sq.ft,Super Area,60.8 Lac,Possession by Mar'24
382144,2 BHK,572 sq.ft,Super Area,64.4 Lac,Possession by Mar'24
382144,2 BHK,620 sq.ft,Super Area,69.8 Lac,Possession by Mar'24
382144,1 BHK,421 sq.ft,Super Area,47.4 Lac,Possession by Mar'24
382144,1 BHK,444 sq.ft,Super Area,50 Lac,Possession by Mar'24
382144,1 BHK,479 sq.ft,Super Area,53.9 Lac,Possession by Mar'24
426929,3 BHK,1640 sq.ft,Super Area,1.47 Cr,Possession by Dec'26
426929,2 BHK,1280 sq.ft,Super Area,1.14 Cr,Possession by Dec'26
426929,2 BHK,1310 sq.ft,Super Area,1.17 Cr,Possession by Dec'26
426929,2 BHK,1350 sq.ft,Super Area,1.21 Cr,Possession by Dec'26
426929,2 BHK,1415 sq.ft,Super Area,1.27 Cr,Possession by Dec'26
426929,2 BHK,1435 sq.ft,Super Area,1.28 Cr,Possession by Dec'26
430075,3 BHK,2004 sq.ft,Super Area,2.78 Cr,Possession by Dec'28
430075,3 BHK,2005 sq.ft,Super Area,2.84 Cr,Possession by Dec'28
430075,3 BHK,2013 sq.ft,Super Area,2.85 Cr,Possession by Dec'28
430075,3 BHK,2020 sq.ft,Super Area,2.86 Cr,Possession by Dec'28
430075,3 BHK,2121 sq.ft,Super Area,3.01 Cr,Possession by Dec'28
430075,3 BHK,2226 sq.ft,Super Area,3.16 Cr,Possession by Dec'28
430075,3 BHK,2228 sq.ft,Super Area,3.16 Cr,Possession by Dec'28
430075,3 BHK,2244 sq.ft,Super Area,3.18 Cr,Possession by Dec'28
430075,3 BHK,2267 sq.ft,Super Area,3.21 Cr,Possession by Dec'28
430075,3 BHK,2401 sq.ft,Super Area,3.40 Cr,Possession by Dec'28
430075,3 BHK,2414 sq.ft,Super Area,3.42 Cr,Possession by Dec'28
430075,3 BHK,2482 sq.ft,Super Area,3.49 Cr,Possession by Dec'28
430075,3 BHK,2490 sq.ft,Super Area,3.52 Cr,Possession by Dec'28
430075,5 BHK,2540 sq.ft,Super Area,3.60 Cr,Possession by Dec'28
430075,5 BHK,3503 sq.ft,Super Area,4.97 Cr,Possession by Dec'28
430075,5 BHK,3540 sq.ft,Super Area,5.02 Cr,Possession by Dec'28
430075,5 BHK,3544 sq.ft,Super Area,5.03 Cr,Possession by Dec'28
430075,5 BHK,3688 sq.ft,Super Area,5.23 Cr,Possession by Dec'28
430075,5 BHK,3692 sq.ft,Super Area,5.24 Cr,Possession by Dec'28
430075,5 BHK,3698 sq.ft,Super Area,5.25 Cr,Possession by Dec'28
430075,5 BHK,3892 sq.ft,Super Area,5.52 Cr,Possession by Dec'28
430075,4 BHK,2187 sq.ft,Super Area,3.10 Cr,Possession by Dec'28
430075,4 BHK,2225 sq.ft,Super Area,3.15 Cr,Possession by Dec'28
430075,4 BHK,2240 sq.ft,Super Area,3.18 Cr,Possession by Dec'28
430075,4 BHK,2267 sq.ft,Super Area,3.21 Cr,Possession by Dec'28
430075,4 BHK,2314 sq.ft,Super Area,3.28 Cr,Possession by Dec'28
430075,4 BHK,2353 sq.ft,Super Area,3.34 Cr,Possession by Dec'28
430075,4 BHK,2401 sq.ft,Super Area,3.40 Cr,Possession by Dec'28
430075,4 BHK,2414 sq.ft,Super Area,3.42 Cr,Possession by Dec'28
430075,4 BHK,2421 sq.ft,Super Area,3.43 Cr,Possession by Dec'28
430075,4 BHK,2451 sq.ft,Super Area,3.48 Cr,Possession by Dec'28
430075,4 BHK,2471 sq.ft,Super Area,3.50 Cr,Possession by Dec'28
430075,4 BHK,2474 sq.ft,Super Area,3.51 Cr,Possession by Dec'28
430075,4 BHK,2480 sq.ft,Super Area,3.52 Cr,Possession by Dec'28
430075,4 BHK,2481 sq.ft,Super Area,3.43 Cr,Possession by Dec'28
430075,4 BHK,2482 sq.ft,Super Area,3.52 Cr,Possession by Dec'28
430075,4 BHK,2501 sq.ft,Super Area,3.55 Cr,Possession by Dec'28
430075,4 BHK,2533 sq.ft,Super Area,3.59 Cr,Possession by Dec'28
430075,4 BHK,2588 sq.ft,Super Area,3.67 Cr,Possession by Dec'28
430075,4 BHK,2924 sq.ft,Super Area,4.15 Cr,Possession by Dec'28
430075,4 BHK,2956 sq.ft,Super Area,4.19 Cr,Possession by Dec'28
430075,4 BHK,2966 sq.ft,Super Area,4.21 Cr,Possession by Dec'28
430075,4 BHK,2968 sq.ft,Super Area,4.21 Cr,Possession by Dec'28
430075,4 BHK,2996 sq.ft,Super Area,4.25 Cr,Possession by Dec'28
420343,3 BHK,1306 sq.ft,Super Area,1.18 Cr,Possession by Dec'27
420343,3 BHK,1321 sq.ft,Super Area,1.20 Cr,Possession by Dec'27
420343,3 BHK,1450 sq.ft,Super Area,1.32 Cr,Possession by Dec'27
420343,2 BHK,988 sq.ft,Super Area,90 Lac,Possession by Dec'27
420343,2 BHK,1022 sq.ft,Super Area,93 Lac,Possession by Dec'27
420343,2 BHK,1063 sq.ft,Super Area,96.8 Lac,Possession by Dec'27
420343,2 BHK,1066 sq.ft,Super Area,97.1 Lac,Possession by Dec'27
426786,3 BHK,1548 sq.ft,Super Area,1.04 Cr,Possession by May'29
426786,3 BHK,1982 sq.ft,Super Area,1.34 Cr,Possession by May'29
426786,2 BHK,1265 sq.ft,Super Area,85.6 Lac,Possession by May'29
426786,2 BHK,1600 sq.ft,Super Area,1.08 Cr,Possession by May'29
426786,2 BHK,1639 sq.ft,Super Area,1.10 Cr,Possession by May'29
426786,5 BHK,3987 sq.ft,Super Area,2.69 Cr,Possession by May'29
426786,4 BHK,3039 sq.ft,Super Area,2.05 Cr,Possession by May'29
396695,3 BHK,1766 sq.ft,Super Area,1.73 Cr,Possession by Mar'26
396695,3 BHK,1833 sq.ft,Super Area,1.80 Cr,Possession by Mar'26
396695,3 BHK,1864 sq.ft,Super Area,1.83 Cr,Possession by Mar'26
396695,3 BHK,1930 sq.ft,Super Area,1.89 Cr,Possession by Mar'26
396695,3 BHK,1936 sq.ft,Super Area,1.78 Cr,Possession by Mar'26
396695,3 BHK,1960 sq.ft,Super Area,1.92 Cr,Possession by Mar'26
396695,3 BHK,1998 sq.ft,Super Area,1.96 Cr,Possession by Mar'26
396695,3 BHK,1999 sq.ft,Super Area,1.96 Cr,Possession by Mar'26
396695,3 BHK,2002 sq.ft,Super Area,1.96 Cr,Possession by Mar'26
396695,3 BHK,2019 sq.ft,Super Area,1.98 Cr,Possession by Mar'26
396695,3 BHK,2023 sq.ft,Super Area,1.98 Cr,Possession by Mar'26
396695,3 BHK,2025 sq.ft,Super Area,1.99 Cr,Possession by Mar'26
396695,3 BHK,2049 sq.ft,Super Area,2.01 Cr,Possession by Mar'26
396695,3 BHK,2057 sq.ft,Super Area,2.02 Cr,Possession by Mar'26
396695,3 BHK,2063 sq.ft,Super Area,2.02 Cr,Possession by Mar'26
396695,3 BHK,2070 sq.ft,Super Area,2.03 Cr,Possession by Mar'26
396695,3 BHK,2082 sq.ft,Super Area,2.04 Cr,Possession by Mar'26
396695,3 BHK,2094 sq.ft,Super Area,2.05 Cr,Possession by Mar'26
396695,3 BHK,2100 sq.ft,Super Area,2.06 Cr,Possession by Mar'26
396695,3 BHK,2159 sq.ft,Super Area,2.12 Cr,Possession by Mar'26
396695,3 BHK,2170 sq.ft,Super Area,2.13 Cr,Possession by Mar'26
396695,3 BHK,2172 sq.ft,Super Area,2.13 Cr,Possession by Mar'26
396695,3 BHK,2176 sq.ft,Super Area,2.13 Cr,Possession by Mar'26
396695,3 BHK,2177 sq.ft,Super Area,2.14 Cr,Possession by Mar'26
396695,3 BHK,2191 sq.ft,Super Area,2.15 Cr,Possession by Mar'26
396695,3 BHK,2228 sq.ft,Super Area,2.19 Cr,Possession by Mar'26
396695,3 BHK,2234 sq.ft,Super Area,2.19 Cr,Possession by Mar'26
396695,3 BHK,2240 sq.ft,Super Area,2.20 Cr,Possession by Mar'26
396695,3 BHK,2252 sq.ft,Super Area,2.21 Cr,Possession by Mar'26
396695,3 BHK,2307 sq.ft,Super Area,2.26 Cr,Possession by Mar'26
396695,3 BHK,2310 sq.ft,Super Area,2.27 Cr,Possession by Mar'26
396695,3 BHK,2323 sq.ft,Super Area,2.28 Cr,Possession by Mar'26
396695,3 BHK,2331 sq.ft,Super Area,2.29 Cr,Possession by Mar'26
396695,3 BHK,2335 sq.ft,Super Area,2.29 Cr,Possession by Mar'26
396695,3 BHK,2341 sq.ft,Super Area,2.30 Cr,Possession by Mar'26
396695,3 BHK,2342 sq.ft,Super Area,2.30 Cr,Possession by Mar'26
396695,3 BHK,2343 sq.ft,Super Area,2.30 Cr,Possession by Mar'26
396695,3 BHK,2367 sq.ft,Super Area,2.32 Cr,Possession by Mar'26
396695,3 BHK,2419 sq.ft,Super Area,2.37 Cr,Possession by Mar'26
396695,3 BHK,2428 sq.ft,Super Area,2.38 Cr,Possession by Mar'26
396695,3 BHK,2532 sq.ft,Super Area,2.49 Cr,Possession by Mar'26
433778,3 BHK,1635 sq.ft,Super Area,2.46 Cr,Possession by Dec'27
433778,3 BHK,1670 sq.ft,Super Area,2.71 Cr,Possession by Dec'27
433778,3 BHK,1810 sq.ft,Super Area,2.72 Cr,Possession by Dec'27
433778,3 BHK,1820 sq.ft,Super Area,2.74 Cr,Possession by Dec'27
433778,3 BHK,1825 sq.ft,Super Area,2.74 Cr,Possession by Dec'27
433778,4 BHK,2115 sq.ft,Super Area,3.18 Cr,Possession by Dec'27
420851,2 BHK,575 sq.ft,Super Area,2.69 Cr,Possession by Dec'28
420851,2 BHK,621 sq.ft,Super Area,2.91 Cr,Possession by Dec'28
420851,2 BHK,883 sq.ft,Super Area,4.14 Cr,Possession by Dec'28
412178,3 BHK,1435 sq.ft,Super Area,1.23 Cr,Possession by Mar'27
412178,3 BHK,1442 sq.ft,Super Area,1.24 Cr,Possession by Mar'27
412178,3 BHK,1455 sq.ft,Super Area,1.25 Cr,Possession by Mar'27
412178,3 BHK,1883 sq.ft,Super Area,1.61 Cr,Possession by Mar'27
412178,3 BHK,2175 sq.ft,Super Area,1.86 Cr,Possession by Mar'27
412178,2 BHK,1221 sq.ft,Super Area,1.07 Cr,Possession by Mar'27
305417,3 BHK,1104 sq.ft,Super Area,1.25 Cr,Possession by Dec'24
305417,3 BHK,1268 sq.ft,Super Area,1.43 Cr,Possession by Dec'24
305417,3 BHK,1293 sq.ft,Super Area,1.45 Cr,Possession by Dec'24
305417,3 BHK,1336 sq.ft,Super Area,1.50 Cr,Possession by Dec'24
305417,3 BHK,1347 sq.ft,Super Area,1.50 Cr,Possession by Dec'24
305417,3 BHK,1371 sq.ft,Super Area,1.53 Cr,Possession by Dec'24
305417,3 BHK,1466 sq.ft,Super Area,1.64 Cr,Possession by Dec'24
305417,3 BHK,1555 sq.ft,Super Area,1.74 Cr,Possession by Dec'24
305417,3 BHK,1557 sq.ft,Super Area,1.74 Cr,Possession by Dec'24
305417,3 BHK,1560 sq.ft,Super Area,1.75 Cr,Possession by Dec'24
305417,3 BHK,1586 sq.ft,Super Area,1.78 Cr,Possession by Dec'24
305417,3 BHK,1594 sq.ft,Super Area,1.78 Cr,Possession by Dec'24
305417,3 BHK,1597 sq.ft,Super Area,1.79 Cr,Possession by Dec'24
305417,3 BHK,1603 sq.ft,Super Area,1.79 Cr,Possession by Dec'24
305417,3 BHK,1604 sq.ft,Super Area,1.80 Cr,Possession by Dec'24
305417,3 BHK,1634 sq.ft,Super Area,1.83 Cr,Possession by Dec'24
305417,3 BHK,1636 sq.ft,Super Area,1.83 Cr,Possession by Dec'24
305417,2 BHK,1006 sq.ft,Super Area,1.12 Cr,Possession by Dec'24
305417,2 BHK,1104 sq.ft,Super Area,1.23 Cr,Possession by Dec'24
305417,2 BHK,1121 sq.ft,Super Area,1.25 Cr,Possession by Dec'24
305417,2 BHK,1151 sq.ft,Super Area,1.29 Cr,Possession by Dec'24
305417,2 BHK,1171 sq.ft,Super Area,1.31 Cr,Possession by Dec'24
305417,2 BHK,1176 sq.ft,Super Area,1.32 Cr,Possession by Dec'24
305417,2 BHK,1178 sq.ft,Super Area,1.32 Cr,Possession by Dec'24
305417,2 BHK,1197 sq.ft,Super Area,1.34 Cr,Possession by Dec'24
305417,2 BHK,1215 sq.ft,Super Area,1.36 Cr,Possession by Dec'24
305417,2 BHK,1248 sq.ft,Super Area,1.40 Cr,Possession by Dec'24
305417,2 BHK,1268 sq.ft,Super Area,1.42 Cr,Possession by Dec'24
422149,3 BHK,1215 sq.ft,Super Area,1.35 Cr,Possession by Dec'28
422149,3 BHK,1345 sq.ft,Super Area,1.49 Cr,Possession by Dec'28
422149,3 BHK,1380 sq.ft,Super Area,1.53 Cr,Possession by Dec'28
422149,3 BHK,1615 sq.ft,Super Area,1.79 Cr,Possession by Dec'28
422149,3 BHK,1620 sq.ft,Super Area,1.80 Cr,Possession by Dec'28
422149,3 BHK,1695 sq.ft,Super Area,1.88 Cr,Possession by Dec'28
422149,3 BHK,1725 sq.ft,Super Area,1.91 Cr,Possession by Dec'28
422149,2 BHK,1055 sq.ft,Super Area,1.17 Cr,Possession by Dec'28
422149,2 BHK,1060 sq.ft,Super Area,1.17 Cr,Possession by Dec'28
422149,2 BHK,1085 sq.ft,Super Area,1.20 Cr,Possession by Dec'28
422149,2 BHK,1090 sq.ft,Super Area,1.21 Cr,Possession by Dec'28
422149,2 BHK,1120 sq.ft,Super Area,1.24 Cr,Possession by Dec'28
422149,2 BHK,1215 sq.ft,Super Area,1.42 Cr,Possession by Dec'28
422149,4 BHK,1890 sq.ft,Super Area,2.10 Cr,Possession by Dec'28
422149,4 BHK,1950 sq.ft,Super Area,2.16 Cr,Possession by Dec'28
422149,4 BHK,1995 sq.ft,Super Area,2.21 Cr,Possession by Dec'28
422149,4 BHK,2200 sq.ft,Super Area,2.44 Cr,Possession by Dec'28
422149,4 BHK,2300 sq.ft,Super Area,2.55 Cr,Possession by Dec'28
422149,1 BHK,700 sq.ft,Super Area,77.9 Lac,Possession by Dec'28
422149,1 BHK,715 sq.ft,Super Area,79.6 Lac,Possession by Dec'28
418968,2 BHK,570 sq.ft,Super Area,85.5 Lac,Possession by Dec'29
418968,2 BHK,632 sq.ft,Super Area,94.6 Lac,Possession by Dec'29
418968,1 BHK,382 sq.ft,Super Area,57.9 Lac,Possession by Dec'29
418968,1 BHK,443 sq.ft,Super Area,69.4 Lac,Possession by Dec'29
420666,3 BHK,1615 sq.ft,Super Area,2.23 Cr,Possession by Dec'26
420666,3 BHK,1660 sq.ft,Super Area,2.29 Cr,Possession by Dec'26
420666,3 BHK,1745 sq.ft,Super Area,2.41 Cr,Possession by Dec'26
420666,3 BHK,1815 sq.ft,Super Area,2.51 Cr,Possession by Dec'26
420666,4 BHK,1895 sq.ft,Super Area,2.62 Cr,Possession by Dec'26
420666,4 BHK,2012 sq.ft,Super Area,2.55 Cr,Possession by Dec'26
420666,4 BHK,2013 sq.ft,Super Area,2.55 Cr,Possession by Dec'26
420666,4 BHK,2014 sq.ft,Super Area,2.55 Cr,Possession by Dec'26
420666,4 BHK,2015 sq.ft,Super Area,2.55 Cr,Possession by Dec'26
420666,4 BHK,2382 sq.ft,Super Area,2.97 Cr,Possession by Dec'26
420666,4 BHK,2383 sq.ft,Super Area,2.97 Cr,Possession by Dec'26
420666,4 BHK,2384 sq.ft,Super Area,2.97 Cr,Possession by Dec'26
420666,4 BHK,2385 sq.ft,Super Area,2.97 Cr,Possession by Dec'26
420666,4 BHK,2557 sq.ft,Super Area,3.30 Cr,Possession by Dec'26
420666,4 BHK,2558 sq.ft,Super Area,3.30 Cr,Possession by Dec'26
420666,4 BHK,2559 sq.ft,Super Area,3.30 Cr,Possession by Dec'26
420666,4 BHK,2560 sq.ft,Super Area,3.30 Cr,Possession by Dec'26
424323,3 BHK,1000 sq.ft,Super Area,2.71 Cr,Possession by Dec'29
424323,3 BHK,1040 sq.ft,Super Area,2.81 Cr,Possession by Dec'29
424323,3 BHK,1068 sq.ft,Super Area,2.89 Cr,Possession by Dec'29
424323,3 BHK,1105 sq.ft,Super Area,2.99 Cr,Possession by Dec'29
424323,3 BHK,1140 sq.ft,Super Area,3.09 Cr,Possession by Dec'29
424323,3 BHK,1185 sq.ft,Super Area,3.21 Cr,Possession by Dec'29
424323,3 BHK,1210 sq.ft,Super Area,3.27 Cr,Possession by Dec'29
424323,2 BHK,688 sq.ft,Super Area,1.86 Cr,Possession by Dec'29
424323,2 BHK,738 sq.ft,Super Area,2 Cr,Possession by Dec'29
424323,2 BHK,743 sq.ft,Super Area,2.01 Cr,Possession by Dec'29
424323,2 BHK,749 sq.ft,Super Area,2.03 Cr,Possession by Dec'29
424323,2 BHK,758 sq.ft,Super Area,2.05 Cr,Possession by Dec'29
424323,2 BHK,761 sq.ft,Super Area,2.06 Cr,Possession by Dec'29
424323,2 BHK,780 sq.ft,Super Area,2.11 Cr,Possession by Dec'29
424323,2 BHK,794 sq.ft,Super Area,2.15 Cr,Possession by Dec'29
424323,2 BHK,803 sq.ft,Super Area,2.17 Cr,Possession by Dec'29
424323,2 BHK,826 sq.ft,Super Area,2.23 Cr,Possession by Dec'29
424323,2 BHK,833 sq.ft,Super Area,2.25 Cr,Possession by Dec'29
424323,2 BHK,888 sq.ft,Super Area,2.40 Cr,Possession by Dec'29
424323,1 BHK,500 sq.ft,Super Area,1.35 Cr,Possession by Dec'29
424323,1 BHK,537 sq.ft,Super Area,1.45 Cr,Possession by Dec'29
421123,3 BHK,1325 sq.ft,Super Area,92.1 Lac,Possession by Jun'25
421123,3 BHK,1355 sq.ft,Super Area,94.1 Lac,Possession by Jun'25
421123,3 BHK,1380 sq.ft,Super Area,95.7 Lac,Possession by Jun'25
421123,3 BHK,1415 sq.ft,Super Area,98 Lac,Possession by Jun'25
421123,3 BHK,1425 sq.ft,Super Area,98.6 Lac,Possession by Jun'25
421123,3 BHK,1450 sq.ft,Super Area,1 Cr,Possession by Jun'25
421123,2 BHK,1090 sq.ft,Super Area,76.9 Lac,Possession by Jun'25
421123,2 BHK,1130 sq.ft,Super Area,79.5 Lac,Possession by Jun'25
294215,3 BHK,950 sq.ft,Super Area,1.11 Cr,Possession by Dec'30
294215,2 BHK,664 sq.ft,Super Area,78 Lac,Possession by Dec'30
294215,2 BHK,732 sq.ft,Super Area,86 Lac,Possession by Dec'30
376451,3 BHK,1229 sq.ft,Super Area,1.07 Cr,Possession by Jun'27
376451,2 BHK,831 sq.ft,Super Area,72.6 Lac,Possession by Jun'27
376451,2 BHK,896 sq.ft,Super Area,78.3 Lac,Possession by Jun'27
376451,2 BHK,900 sq.ft,Super Area,78.6 Lac,Possession by Jun'27
376451,2 BHK,901 sq.ft,Super Area,78.7 Lac,Possession by Jun'27
376451,2 BHK,904 sq.ft,Super Area,79 Lac,Possession by Jun'27
376451,2 BHK,908 sq.ft,Super Area,79.3 Lac,Possession by Jun'27
376451,2 BHK,973 sq.ft,Super Area,85 Lac,Possession by Jun'27
424098,3 BHK,2116 sq.ft,Super Area,1.50 Cr,Possession by Jun'27
424098,3 BHK,2127 sq.ft,Super Area,1.51 Cr,Possession by Jun'27
424098,3 BHK,2129 sq.ft,Super Area,1.51 Cr,Possession by Jun'27
424098,3 BHK,2151 sq.ft,Super Area,1.53 Cr,Possession by Jun'27
424098,3 BHK,2178 sq.ft,Super Area,1.55 Cr,Possession by Jun'27
424098,3 BHK,2190 sq.ft,Super Area,1.56 Cr,Possession by Jun'27
424098,3 BHK,2192 sq.ft,Super Area,1.56 Cr,Possession by Jun'27
424098,3 BHK,2200 sq.ft,Super Area,1.56 Cr,Possession by Jun'27
381402,3 BHK,916 sq.ft,Super Area,2.59 Cr,Possession by Dec'25
381402,3 BHK,945 sq.ft,Super Area,2.67 Cr,Possession by Dec'25
381402,3 BHK,954 sq.ft,Super Area,2.69 Cr,Possession by Dec'25
381402,3 BHK,986 sq.ft,Super Area,2.35 Cr,Possession by Dec'25
381402,3 BHK,1000 sq.ft,Super Area,2.50 Cr,Possession by Dec'25
381402,3 BHK,1100 sq.ft,Super Area,2.57 Cr,Possession by Dec'25
381402,3 BHK,1120 sq.ft,Super Area,2.45 Cr,Possession by Dec'25
381402,3 BHK,1125 sq.ft,Super Area,2.45 Cr,Possession by Dec'25
381402,3 BHK,1140 sq.ft,Super Area,2.62 Cr,Possession by Dec'25
381402,2 BHK,606 sq.ft,Super Area,1.71 Cr,Possession by Dec'25
381402,2 BHK,717 sq.ft,Super Area,2.02 Cr,Possession by Dec'25
381402,2 BHK,737 sq.ft,Super Area,2.08 Cr,Possession by Dec'25
381402,2 BHK,750 sq.ft,Super Area,1.71 Cr,Possession by Dec'25
381402,2 BHK,760 sq.ft,Super Area,1.82 Cr,Possession by Dec'25
381402,2 BHK,784 sq.ft,Super Area,1.78 Cr,Possession by Dec'25
381402,2 BHK,795 sq.ft,Super Area,1.94 Cr,Possession by Dec'25
381402,2 BHK,814 sq.ft,Super Area,1.95 Cr,Possession by Dec'25
381402,2 BHK,840 sq.ft,Super Area,2.02 Cr,Possession by Dec'25
381402,2 BHK,1250 sq.ft,Super Area,2.95 Cr,Possession by Dec'25
381402,4 BHK,1137 sq.ft,Super Area,3.21 Cr,Possession by Dec'25
381402,4 BHK,1374 sq.ft,Super Area,3.88 Cr,Possession by Dec'25
379240,3 BHK,1082 sq.ft,Super Area,71.1 Lac,Possession by Jun'25
379240,2 BHK,883 sq.ft,Super Area,58 Lac,Possession by Jun'25
379240,2 BHK,1082 sq.ft,Super Area,91 Lac,Possession by Jun'25
379240,4 BHK,1766 sq.ft,Super Area,1.48 Cr,Possession by Jun'25
394931,3 BHK,1090 sq.ft,Super Area,98.6 Lac,Possession by Apr'28
394931,3 BHK,1480 sq.ft,Super Area,1.31 Cr,Possession by Apr'28
394931,3 BHK,1500 sq.ft,Super Area,1.33 Cr,Possession by Apr'28
394931,3 BHK,1655 sq.ft,Super Area,1.46 Cr,Possession by Apr'28
394931,3 BHK,1685 sq.ft,Super Area,1.49 Cr,Possession by Apr'28
394931,2 BHK,880 sq.ft,Super Area,80.7 Lac,Possession by Apr'28
394931,2 BHK,965 sq.ft,Super Area,87.9 Lac,Possession by Apr'28
394931,2 BHK,975 sq.ft,Super Area,88.8 Lac,Possession by Apr'28
394931,2 BHK,985 sq.ft,Super Area,89.6 Lac,Possession by Apr'28
394931,2 BHK,1000 sq.ft,Super Area,90.9 Lac,Possession by Apr'28
394931,2 BHK,1120 sq.ft,Super Area,1.01 Cr,Possession by Apr'28
410494,3 BHK,1108 sq.ft,Super Area,1.15 Cr,Possession by Dec'26
410494,3 BHK,1111 sq.ft,Super Area,1.18 Cr,Possession by Dec'26
410494,3 BHK,1116 sq.ft,Super Area,1.16 Cr,Possession by Dec'26
410494,3 BHK,1139 sq.ft,Super Area,1.20 Cr,Possession by Dec'26
410494,3 BHK,1145 sq.ft,Super Area,1.21 Cr,Possession by Dec'26
410494,3 BHK,1150 sq.ft,Super Area,1.23 Cr,Possession by Dec'26
410494,3 BHK,1162 sq.ft,Super Area,1.20 Cr,Possession by Dec'26
410494,3 BHK,1172 sq.ft,Super Area,1.21 Cr,Possession by Dec'26
410494,3 BHK,1197 sq.ft,Super Area,1.24 Cr,Possession by Dec'26
410494,2 BHK,814 sq.ft,Super Area,85.7 Lac,Possession by Dec'26
410494,2 BHK,838 sq.ft,Super Area,88 Lac,Possession by Dec'26
410494,2 BHK,840 sq.ft,Super Area,88.2 Lac,Possession by Dec'26
410494,2 BHK,859 sq.ft,Super Area,91.9 Lac,Possession by Dec'26
410494,2 BHK,958 sq.ft,Super Area,1.01 Cr,Possession by Dec'26
410494,2 BHK,971 sq.ft,Super Area,1 Cr,Possession by Dec'26
410494,2 BHK,1130 sq.ft,Super Area,1.17 Cr,Possession by Dec'26
331133,3 BHK,971 sq.ft,Super Area,84.3 Lac,Possession by Dec'23
331133,3 BHK,1026 sq.ft,Super Area,89.1 Lac,Possession by Dec'23
331133,3 BHK,1382 sq.ft,Super Area,1.20 Cr,Possession by Dec'23
331133,2 BHK,938 sq.ft,Super Area,81.5 Lac,Possession by Dec'23
331133,2 BHK,974 sq.ft,Super Area,84.6 Lac,Possession by Dec'23
331133,2 BHK,1077 sq.ft,Super Area,93.5 Lac,Possession by Dec'23
331133,1 BHK,536 sq.ft,Super Area,46.5 Lac,Possession by Dec'23
375851,2 BHK,775 sq.ft,Super Area,46.8 Lac,Possession by Dec'26
375851,2 BHK,805 sq.ft,Super Area,48.6 Lac,Possession by Dec'26
375851,2 BHK,823 sq.ft,Super Area,49.7 Lac,Possession by Dec'26
375851,1 BHK,469 sq.ft,Super Area,28.3 Lac,Possession by Dec'26
375851,1 BHK,482 sq.ft,Super Area,29.1 Lac,Possession by Dec'26
432566,3 BHK,1353 sq.ft,Super Area,73.1 Lac,Possession by Jan'30
432566,3 BHK,1413 sq.ft,Super Area,76.3 Lac,Possession by Jan'30
432566,3 BHK,1522 sq.ft,Super Area,82.2 Lac,Possession by Jan'30
432566,3 BHK,1551 sq.ft,Super Area,83.8 Lac,Possession by Jan'30
432566,3 BHK,1706 sq.ft,Super Area,88.7 Lac,Possession by Jan'30
432566,3 BHK,1793 sq.ft,Super Area,93.2 Lac,Possession by Jan'30
432566,2 BHK,1049 sq.ft,Super Area,56.6 Lac,Possession by Jan'30
432566,2 BHK,1156 sq.ft,Super Area,62.4 Lac,Possession by Jan'30
432566,2 BHK,1207 sq.ft,Super Area,67.6 Lac,Possession by Jan'30
404103,2 BHK,608 sq.ft,Super Area,51 Lac,Possession by Dec'29
404103,2 BHK,614 sq.ft,Super Area,51.5 Lac,Possession by Dec'29
404103,2 BHK,634 sq.ft,Super Area,52.5 Lac,Possession by Dec'29
404103,2 BHK,637 sq.ft,Super Area,52.8 Lac,Possession by Dec'29
404103,2 BHK,644 sq.ft,Super Area,53.5 Lac,Possession by Dec'29
404103,1 BHK,469 sq.ft,Super Area,37.4 Lac,Possession by Dec'29
423851,3 BHK,1600 sq.ft,Super Area,1.84 Cr,Possession by Mar'28
423851,3 BHK,1674 sq.ft,Super Area,1.93 Cr,Possession by Mar'28
423851,3 BHK,1688 sq.ft,Super Area,1.94 Cr,Possession by Mar'28
423851,3 BHK,1700 sq.ft,Super Area,1.96 Cr,Possession by Mar'28
423851,3 BHK,1900 sq.ft,Super Area,2.19 Cr,Possession by Mar'28
423851,3 BHK,1955 sq.ft,Super Area,2.25 Cr,Possession by Mar'28
423851,3 BHK,1965 sq.ft,Super Area,2.26 Cr,Possession by Mar'28
423851,3 BHK,1999 sq.ft,Super Area,2.30 Cr,Possession by Mar'28
423851,3 BHK,2000 sq.ft,Super Area,2.30 Cr,Possession by Mar'28
423851,4 BHK,2300 sq.ft,Super Area,2.65 Cr,Possession by Mar'28
423851,4 BHK,2376 sq.ft,Super Area,2.73 Cr,Possession by Mar'28
423851,4 BHK,2383 sq.ft,Super Area,2.74 Cr,Possession by Mar'28
423851,4 BHK,2391 sq.ft,Super Area,2.75 Cr,Possession by Mar'28
423851,4 BHK,2400 sq.ft,Super Area,2.76 Cr,Possession by Mar'28
421768,3 BHK,1464 sq.ft,Super Area,1.64 Cr,Possession by Feb'30
421768,3 BHK,1480 sq.ft,Super Area,1.66 Cr,Possession by Feb'30
421768,3 BHK,1482 sq.ft,Super Area,1.66 Cr,Possession by Feb'30
421768,3 BHK,1496 sq.ft,Super Area,1.68 Cr,Possession by Feb'30
421768,3 BHK,1709 sq.ft,Super Area,1.92 Cr,Possession by Feb'30
421768,3 BHK,1715 sq.ft,Super Area,1.93 Cr,Possession by Feb'30
421768,3 BHK,1723 sq.ft,Super Area,1.94 Cr,Possession by Feb'30
421768,3 BHK,1756 sq.ft,Super Area,1.97 Cr,Possession by Feb'30
421768,3 BHK,1863 sq.ft,Super Area,2.09 Cr,Possession by Feb'30
421768,2 BHK,811 sq.ft,Super Area,91.4 Lac,Possession by Feb'30
421768,2 BHK,923 sq.ft,Super Area,1.04 Cr,Possession by Feb'30
421768,2 BHK,1194 sq.ft,Super Area,1.34 Cr,Possession by Feb'30
421768,2 BHK,1196 sq.ft,Super Area,1.34 Cr,Possession by Feb'30
421768,2 BHK,1216 sq.ft,Super Area,1.37 Cr,Possession by Feb'30
421768,2 BHK,1250 sq.ft,Super Area,1.40 Cr,Possession by Feb'30
420469,3 BHK,1320 sq.ft,Super Area,90.4 Lac,Possession by Dec'26
420469,3 BHK,1335 sq.ft,Super Area,91.4 Lac,Possession by Dec'26
420469,3 BHK,1350 sq.ft,Super Area,92.5 Lac,Possession by Dec'26
420469,3 BHK,1365 sq.ft,Super Area,91.2 Lac,Possession by Dec'26
420469,3 BHK,1405 sq.ft,Super Area,96.2 Lac,Possession by Dec'26
420469,3 BHK,1485 sq.ft,Super Area,99.5 Lac,Possession by Dec'26
420469,2 BHK,1005 sq.ft,Super Area,68.8 Lac,Possession by Dec'26
420469,2 BHK,1010 sq.ft,Super Area,66.5 Lac,Possession by Dec'26
420469,2 BHK,1160 sq.ft,Super Area,75.9 Lac,Possession by Dec'26
420469,2 BHK,1245 sq.ft,Super Area,83.4 Lac,Possession by Dec'26
260686,3,BHK Flat 1200 sq.ft,Area Not Available,"₹ 2.47 Cr
₹2.15 lakh EMI",Under Construction
260686,3,BHK Flat 1354 sq.ft,Area Not Available,"₹ 2.94 Cr
₹2.55 lakh EMI",Ready to Move
260686,3,BHK Flat 1631 sq.ft,Area Not Available,"₹ 3.32 Cr
₹2.89 lakh EMI",Under Construction
260686,,Size Not Available,Area Not Available,,
260686,,Size Not Available,Area Not Available,,
260686,,Size Not Available,Area Not Available,,
260686,,Size Not Available,Area Not Available,,
260686,,Size Not Available,Area Not Available,,
260686,,Size Not Available,Area Not Available,,
260686,,Size Not Available,Area Not Available,,
400981,2 BHK,602 sq.ft,Super Area,1.36 Cr,Possession by Jun'27
400981,2 BHK,650 sq.ft,Super Area,1.47 Cr,Possession by Jun'27
400981,1 BHK,401 sq.ft,Super Area,90.7 Lac,Possession by Jun'27
400981,1 BHK,447 sq.ft,Super Area,1.01 Cr,Possession by Jun'27
431532,3 BHK,1191 sq.ft,Super Area,3.89 Cr,Possession by Jun'30
431532,3 BHK,1319 sq.ft,Super Area,4.31 Cr,Possession by Jun'30
431532,2 BHK,780 sq.ft,Super Area,2.77 Cr,Possession by Jun'30
431532,2 BHK,781 sq.ft,Super Area,2.55 Cr,Possession by Jun'30
431532,4 BHK,1835 sq.ft,Super Area,5.99 Cr,Possession by Jun'30
389975,3 BHK,1001 sq.ft,Super Area,4.12 Cr,Possession by May'28
389975,3 BHK,1053 sq.ft,Super Area,4.25 Cr,Possession by May'28
389975,3 BHK,1059 sq.ft,Super Area,4.25 Cr,Possession by May'28
389975,3 BHK,1240 sq.ft,Super Area,4.99 Cr,Possession by May'28
389975,3 BHK,1477 sq.ft,Super Area,6.09 Cr,Possession by May'28
389975,2 BHK,734 sq.ft,Super Area,2.99 Cr,Possession by May'28
389975,2 BHK,745 sq.ft,Super Area,2.99 Cr,Possession by May'28
389975,2 BHK,777 sq.ft,Super Area,3.20 Cr,Possession by May'28
389975,2 BHK,828 sq.ft,Super Area,3.41 Cr,Possession by May'28
426926,3 BHK,1749 sq.ft,Super Area,1.04 Cr,Possession by Apr'29
426926,3 BHK,1965 sq.ft,Super Area,1.40 Cr,Possession by Apr'29
426926,3 BHK,2016 sq.ft,Super Area,1.13 Cr,Possession by Apr'29
426926,2 BHK,1225 sq.ft,Super Area,69.2 Lac,Possession by Apr'29
426926,2 BHK,1346 sq.ft,Super Area,69 Lac,Possession by Apr'29
426926,4 BHK,3095 sq.ft,Super Area,1.73 Cr,Possession by Apr'29
426926,1 BHK,1070 sq.ft,Super Area,70 Lac,Possession by Apr'29
414367,3 BHK,1804 sq.ft,Super Area,1.66 Cr,Possession by Oct'27
414367,3 BHK,1812 sq.ft,Super Area,1.66 Cr,Possession by Oct'27
414367,3 BHK,1867 sq.ft,Super Area,1.71 Cr,Possession by Oct'27
414367,3 BHK,1868 sq.ft,Super Area,1.71 Cr,Possession by Oct'27
414367,3 BHK,1876 sq.ft,Super Area,1.72 Cr,Possession by Oct'27
414367,3 BHK,1877 sq.ft,Super Area,1.72 Cr,Possession by Oct'27
414367,3 BHK,1897 sq.ft,Super Area,1.74 Cr,Possession by Oct'27
414367,3 BHK,1906 sq.ft,Super Area,1.75 Cr,Possession by Oct'27
389667,3 BHK,820 sq.ft,Super Area,1.45 Cr,Possession by Dec'28
389667,3 BHK,855 sq.ft,Super Area,1.66 Cr,Possession by Dec'28
389667,3 BHK,880 sq.ft,Super Area,1.46 Cr,Possession by Dec'28
389667,3 BHK,950 sq.ft,Super Area,1.55 Cr,Possession by Dec'28
389667,3 BHK,971 sq.ft,Super Area,1.89 Cr,Possession by Dec'28
389667,3 BHK,1010 sq.ft,Super Area,1.96 Cr,Possession by Dec'28
389667,3 BHK,1020 sq.ft,Super Area,1.68 Cr,Possession by Dec'28
389667,2 BHK,503 sq.ft,Super Area,97.9 Lac,Possession by Dec'28
389667,2 BHK,550 sq.ft,Super Area,1.01 Cr,Possession by Dec'28
389667,2 BHK,620 sq.ft,Super Area,1.11 Cr,Possession by Dec'28
389667,2 BHK,650 sq.ft,Super Area,1.13 Cr,Possession by Dec'28
389667,2 BHK,680 sq.ft,Super Area,1.20 Cr,Possession by Dec'28
389667,2 BHK,700 sq.ft,Super Area,1.24 Cr,Possession by Dec'28
389667,2 BHK,707 sq.ft,Super Area,1.37 Cr,Possession by Dec'28
389667,2 BHK,734 sq.ft,Super Area,1.42 Cr,Possession by Dec'28
389667,1 BHK,407 sq.ft,Super Area,79.2 Lac,Possession by Dec'28
389667,1 BHK,420 sq.ft,Super Area,74.2 Lac,Possession by Dec'28
389667,1 BHK,440 sq.ft,Super Area,85.7 Lac,Possession by Dec'28
417100,3 BHK,894 sq.ft,Super Area,3.07 Cr,Possession by Sep'28
417100,3 BHK,948 sq.ft,Super Area,3.26 Cr,Possession by Sep'28
417100,3 BHK,1074 sq.ft,Super Area,3.69 Cr,Possession by Sep'28
417100,3 BHK,1161 sq.ft,Super Area,3.99 Cr,Possession by Sep'28
417100,2 BHK,850 sq.ft,Super Area,2.92 Cr,Possession by Sep'28
417100,4 BHK,1788 sq.ft,Super Area,6.15 Cr,Possession by Sep'28
418697,3 BHK villa,1750 sq.ft,Super Area,1.72 Cr,Possession by May'27
418697,3 BHK villa,1800 sq.ft,Super Area,1.77 Cr,Possession by May'27
418697,3 BHK villa,1850 sq.ft,Super Area,1.82 Cr,Possession by May'27
418697,3 BHK villa,1900 sq.ft,Super Area,1.87 Cr,Possession by May'27
418697,3 BHK villa,1949 sq.ft,Super Area,1.92 Cr,Possession by May'27
418697,3 BHK villa,2100 sq.ft,Super Area,2.09 Cr,Possession by May'27
418697,3 BHK villa,2117 sq.ft,Super Area,2.08 Cr,Possession by May'27
418697,3 BHK villa,2166 sq.ft,Super Area,2.13 Cr,Possession by May'27
418697,3 BHK villa,2173 sq.ft,Super Area,2.14 Cr,Possession by May'27
418697,3 BHK villa,2179 sq.ft,Super Area,2.14 Cr,Possession by May'27
418697,3 BHK villa,2181 sq.ft,Super Area,2.15 Cr,Possession by May'27
418697,3 BHK villa,2183 sq.ft,Super Area,2.15 Cr,Possession by May'27
418697,3 BHK villa,2185 sq.ft,Super Area,2.15 Cr,Possession by May'27
418697,3 BHK villa,2300 sq.ft,Super Area,2.26 Cr,Possession by May'27
391738,3 BHK,1012 sq.ft,Super Area,92.3 Lac,Possession by Jul'26
391738,2 BHK,906 sq.ft,Super Area,82.6 Lac,Possession by Jul'26
391738,2 BHK,943 sq.ft,Super Area,86 Lac,Possession by Jul'26
391738,1 BHK,666 sq.ft,Super Area,60.6 Lac,Possession by Jul'26
422935,3 BHK,1410 sq.ft,Super Area,1.28 Cr,Possession by Dec'28
422935,3 BHK,1430 sq.ft,Super Area,1.30 Cr,Possession by Dec'28
422935,3 BHK,1435 sq.ft,Super Area,1.30 Cr,Possession by Dec'28
422935,3 BHK,1440 sq.ft,Super Area,1.31 Cr,Possession by Dec'28
422935,3 BHK,1470 sq.ft,Super Area,1.33 Cr,Possession by Dec'28
422935,3 BHK,1495 sq.ft,Super Area,1.36 Cr,Possession by Dec'28
422935,3 BHK,1500 sq.ft,Super Area,1.36 Cr,Possession by Dec'28
422935,3 BHK,1540 sq.ft,Super Area,1.40 Cr,Possession by Dec'28
422935,3 BHK,1570 sq.ft,Super Area,1.42 Cr,Possession by Dec'28
422935,3 BHK,1575 sq.ft,Super Area,1.43 Cr,Possession by Dec'28
422935,3 BHK,1580 sq.ft,Super Area,1.43 Cr,Possession by Dec'28
422935,3 BHK,1635 sq.ft,Super Area,1.48 Cr,Possession by Dec'28
422935,2 BHK,1180 sq.ft,Super Area,1.07 Cr,Possession by Dec'28
422935,2 BHK,1185 sq.ft,Super Area,1.07 Cr,Possession by Dec'28
422935,2 BHK,1186 sq.ft,Super Area,1.07 Cr,Possession by Dec'28
422935,2 BHK,1200 sq.ft,Super Area,1.09 Cr,Possession by Dec'28
422935,2 BHK,1205 sq.ft,Super Area,1.09 Cr,Possession by Dec'28
422935,2 BHK,1206 sq.ft,Super Area,1.09 Cr,Possession by Dec'28
422935,2 BHK,1240 sq.ft,Super Area,1.12 Cr,Possession by Dec'28
382996,2 BHK,552 sq.ft,Super Area,84.2 Lac,Possession by Jun'27
382996,2 BHK,559 sq.ft,Super Area,89.4 Lac,Possession by Jun'27
382996,2 BHK,582 sq.ft,Super Area,74.4 Lac,Possession by Jun'27
382996,2 BHK,604 sq.ft,Super Area,92.8 Lac,Possession by Jun'27
382996,2 BHK,611 sq.ft,Super Area,97.8 Lac,Possession by Jun'27
382996,2 BHK,615 sq.ft,Super Area,78.3 Lac,Possession by Jun'27
382996,2 BHK,638 sq.ft,Super Area,81 Lac,Possession by Jun'27
382996,2 BHK,674 sq.ft,Super Area,85.3 Lac,Possession by Jun'27
382996,1 BHK,409 sq.ft,Super Area,63.4 Lac,Possession by Jun'27
382996,1 BHK,411 sq.ft,Super Area,65.7 Lac,Possession by Jun'27
382996,1 BHK,424 sq.ft,Super Area,55.3 Lac,Possession by Jun'27
382996,1 BHK,450 sq.ft,Super Area,58.4 Lac,Possession by Jun'27
391740,3,BHK Flat 1476 sq.ft,Area Not Available,"₹ 2.88 Cr
₹2.5 lakh EMI",Ready to Move
391740,3,BHK Flat 1500 sq.ft,Area Not Available,"₹ 2.70 Cr
₹2.34 lakh EMI",Ready to Move
391740,3,BHK Penthouse 2566 sq.ft,Area Not Available,"₹ 5.71 Cr
₹4.96 lakh EMI",Ready to Move
391740,,Size Not Available,Area Not Available,,
391740,,Size Not Available,Area Not Available,,
391740,,Size Not Available,Area Not Available,,
385201,3 BHK,977 sq.ft,Super Area,3.41 Cr,Possession by Jun'27
385201,3 BHK,1023 sq.ft,Super Area,3.58 Cr,Possession by Jun'27
385201,3 BHK,1122 sq.ft,Super Area,3.92 Cr,Possession by Jun'27
385201,3 BHK,1172 sq.ft,Super Area,4.10 Cr,Possession by Jun'27
385201,2 BHK,750 sq.ft,Super Area,3 Cr,Possession by Jun'27
385201,2 BHK,791 sq.ft,Super Area,2.76 Cr,Possession by Jun'27
434568,3 BHK,1247 sq.ft,Super Area,1.45 Cr,Possession by Jun'29
434568,3 BHK,1763 sq.ft,Super Area,2.05 Cr,Possession by Jun'29
434568,3 BHK,1998 sq.ft,Super Area,2.33 Cr,Possession by Jun'29
434568,2 BHK,1247 sq.ft,Super Area,1.45 Cr,Possession by Jun'29
434568,4 BHK,2525 sq.ft,Super Area,2.95 Cr,Possession by Jun'29
434568,1 BHK,685 sq.ft,Super Area,80 Lac,Possession by Jun'29
386996,4,BHK Flat 1315 sq.ft,Area Not Available,Call for Price,Ready to Move
386996,4,BHK Flat 1544 sq.ft,Area Not Available,Call for Price,Under Construction
386996,4,BHK Flat 1225 sq.ft,Area Not Available,Call for Price,Ready to Move
386996,,Size Not Available,Area Not Available,,
386996,,Size Not Available,Area Not Available,,
386996,,Size Not Available,Area Not Available,,
386996,,Size Not Available,Area Not Available,,
386996,,Size Not Available,Area Not Available,,
386996,,Size Not Available,Area Not Available,,
386996,,Size Not Available,Area Not Available,,
430231,3 BHK,900 sq.ft,Super Area,2.34 Cr,Possession by Mar'31
430231,3 BHK,901 sq.ft,Super Area,2.43 Cr,Possession by Mar'31
430231,3 BHK,983 sq.ft,Super Area,2.66 Cr,Possession by Mar'31
430231,2 BHK,546 sq.ft,Super Area,1.39 Cr,Possession by Mar'31
430231,2 BHK,655 sq.ft,Super Area,1.65 Cr,Possession by Mar'31
430231,2 BHK,704 sq.ft,Super Area,1.90 Cr,Possession by Mar'31
430231,2 BHK,728 sq.ft,Super Area,1.96 Cr,Possession by Mar'31
429180,3 BHK,1066 sq.ft,Super Area,2.53 Cr,Possession by Mar'30
429180,2 BHK,671 sq.ft,Super Area,1.61 Cr,Possession by Mar'30
429180,2 BHK,759 sq.ft,Super Area,1.74 Cr,Possession by Mar'30
413380,3 BHK,1029 sq.ft,Super Area,93.8 Lac,Possession by Dec'27
413380,3 BHK,1100 sq.ft,Super Area,1 Cr,Possession by Dec'27
413380,3 BHK,1178 sq.ft,Super Area,1.07 Cr,Possession by Dec'27
413380,3 BHK,1213 sq.ft,Super Area,1.10 Cr,Possession by Dec'27
413380,3 BHK,1550 sq.ft,Super Area,1.41 Cr,Possession by Dec'27
413380,3 BHK,3000 sq.ft,Super Area,2.73 Cr,Possession by Dec'27
413380,2 BHK,827 sq.ft,Super Area,75.4 Lac,Possession by Dec'27
413380,2 BHK,870 sq.ft,Super Area,79.3 Lac,Possession by Dec'27
413380,2 BHK,1100 sq.ft,Super Area,1 Cr,Possession by Dec'27
413380,4 BHK,2175 sq.ft,Super Area,1.98 Cr,Possession by Dec'27
413380,4 BHK,2349 sq.ft,Super Area,2.14 Cr,Possession by Dec'27
413380,4 BHK,2350 sq.ft,Super Area,2.14 Cr,Possession by Dec'27
413380,4 BHK,2516 sq.ft,Super Area,2.29 Cr,Possession by Dec'27
413380,4 BHK,2677 sq.ft,Super Area,2.44 Cr,Possession by Dec'27
413380,4 BHK,3119 sq.ft,Super Area,2.84 Cr,Possession by Dec'27
413380,1 BHK,551 sq.ft,Super Area,50.3 Lac,Possession by Dec'27
413380,1 BHK,559 sq.ft,Super Area,51 Lac,Possession by Dec'27
429968,4 BHK,1820 sq.ft,Super Area,2.89 Cr,Possession by May'28
429968,4 BHK,2323 sq.ft,Super Area,2.99 Cr,Possession by May'28
429968,4 BHK,2354 sq.ft,Super Area,2.69 Cr,Possession by May'28
429968,4 BHK,2375 sq.ft,Super Area,3 Cr,Possession by May'28
429968,4 BHK,2379 sq.ft,Super Area,3.01 Cr,Possession by May'28
433734,3,BHK Flat 1264 sq.ft,Area Not Available,Call for Price,Under Construction
433734,3,BHK Flat 1655 sq.ft,Area Not Available,Call for Price,Under Construction
433734,3,BHK Flat 1655 sq.ft,Area Not Available,Call for Price,Under Construction
385178,3 BHK,990 sq.ft,Super Area,78.3 Lac,Possession by Nov'26
385178,3 BHK,1318 sq.ft,Super Area,1.04 Cr,Possession by Nov'26
385178,3 BHK,1444 sq.ft,Super Area,1.14 Cr,Possession by Nov'26
385178,3 BHK,1447 sq.ft,Super Area,1.14 Cr,Possession by Nov'26
385178,3 BHK,1454 sq.ft,Super Area,1.15 Cr,Possession by Nov'26
385178,3 BHK,1457 sq.ft,Super Area,1.15 Cr,Possession by Nov'26
385178,2 BHK,790 sq.ft,Super Area,62.5 Lac,Possession by Nov'26
385178,2 BHK,810 sq.ft,Super Area,64.1 Lac,Possession by Nov'26
385178,2 BHK,930 sq.ft,Super Area,73.6 Lac,Possession by Nov'26
385178,2 BHK,1180 sq.ft,Super Area,93.4 Lac,Possession by Nov'26
413980,3 BHK,1424 sq.ft,Super Area,89.7 Lac,Possession by Dec'24
413980,3 BHK,1450 sq.ft,Super Area,91.4 Lac,Possession by Dec'24
413980,3 BHK,1565 sq.ft,Super Area,98.6 Lac,Possession by Dec'24
413980,3 BHK,1625 sq.ft,Super Area,1.02 Cr,Possession by Dec'24
413980,3 BHK,1720 sq.ft,Super Area,1.08 Cr,Possession by Dec'24
413980,3 BHK,1786 sq.ft,Super Area,1.12 Cr,Possession by Dec'24
413980,3 BHK,1800 sq.ft,Super Area,1.13 Cr,Possession by Dec'24
413980,3 BHK,1841 sq.ft,Super Area,1.15 Cr,Possession by Dec'24
413980,3 BHK,1933 sq.ft,Super Area,1.21 Cr,Possession by Dec'24
413980,2 BHK,1158 sq.ft,Super Area,73 Lac,Possession by Dec'24
413980,2 BHK,1181 sq.ft,Super Area,74.4 Lac,Possession by Dec'24
413980,2 BHK,1191 sq.ft,Super Area,75 Lac,Possession by Dec'24
413980,2 BHK,1206 sq.ft,Super Area,76 Lac,Possession by Dec'24
413980,2 BHK,1213 sq.ft,Super Area,76.4 Lac,Possession by Dec'24
413980,2 BHK,1258 sq.ft,Super Area,79.3 Lac,Possession by Dec'24
413980,2 BHK,1264 sq.ft,Super Area,79.6 Lac,Possession by Dec'24
413980,2 BHK,1311 sq.ft,Super Area,82.6 Lac,Possession by Dec'24
413980,2 BHK,1338 sq.ft,Super Area,84.3 Lac,Possession by Dec'24
413980,2 BHK,1344 sq.ft,Super Area,84.7 Lac,Possession by Dec'24
413980,2 BHK,1381 sq.ft,Super Area,87 Lac,Possession by Dec'24
424417,3 BHK,1500 sq.ft,Super Area,1.40 Cr,Possession by Jan'28
424417,3 BHK,1505 sq.ft,Super Area,1.41 Cr,Possession by Jan'28
424417,3 BHK,1510 sq.ft,Super Area,1.41 Cr,Possession by Jan'28
424417,3 BHK,1515 sq.ft,Super Area,1.42 Cr,Possession by Jan'28
424417,3 BHK,1520 sq.ft,Super Area,1.42 Cr,Possession by Jan'28
424417,3 BHK,1525 sq.ft,Super Area,1.43 Cr,Possession by Jan'28
424417,3 BHK,1530 sq.ft,Super Area,1.43 Cr,Possession by Jan'28
424417,3 BHK,1535 sq.ft,Super Area,1.43 Cr,Possession by Jan'28
424417,3 BHK,1540 sq.ft,Super Area,1.44 Cr,Possession by Jan'28
424417,3 BHK,1545 sq.ft,Super Area,1.44 Cr,Possession by Jan'28
424417,3 BHK,1570 sq.ft,Super Area,1.47 Cr,Possession by Jan'28
424417,3 BHK,1600 sq.ft,Super Area,1.50 Cr,Possession by Jan'28
424417,3 BHK,1610 sq.ft,Super Area,1.50 Cr,Possession by Jan'28
424417,2 BHK,1192 sq.ft,Super Area,1.11 Cr,Possession by Jan'28
424417,2 BHK,1200 sq.ft,Super Area,1.12 Cr,Possession by Jan'28
424417,2 BHK,1205 sq.ft,Super Area,1.13 Cr,Possession by Jan'28
424417,2 BHK,1210 sq.ft,Super Area,1.13 Cr,Possession by Jan'28
424417,2 BHK,1215 sq.ft,Super Area,1.13 Cr,Possession by Jan'28
424417,2 BHK,1220 sq.ft,Super Area,1.14 Cr,Possession by Jan'28
424417,2 BHK,1225 sq.ft,Super Area,1.14 Cr,Possession by Jan'28
424417,2 BHK,1230 sq.ft,Super Area,1.15 Cr,Possession by Jan'28
424417,2 BHK,1235 sq.ft,Super Area,1.15 Cr,Possession by Jan'28
424417,2 BHK,1240 sq.ft,Super Area,1.16 Cr,Possession by Jan'28
424417,2 BHK,1243 sq.ft,Super Area,1.16 Cr,Possession by Jan'28
424417,2 BHK,1244 sq.ft,Super Area,1.16 Cr,Possession by Jan'28
424417,2 BHK,1245 sq.ft,Super Area,1.16 Cr,Possession by Jan'28
424417,2 BHK,1290 sq.ft,Super Area,1.20 Cr,Possession by Jan'28
424417,2 BHK,1322 sq.ft,Super Area,1.23 Cr,Possession by Jan'28
424417,2 BHK,1333 sq.ft,Super Area,1.25 Cr,Possession by Jan'28
411449,3 BHK,1921 sq.ft,Super Area,1.61 Cr,Possession by Jan'30
411449,3 BHK,1967 sq.ft,Super Area,1.43 Cr,Possession by Jan'30
411449,3 BHK,1991 sq.ft,Super Area,1.45 Cr,Possession by Jan'30
411449,3 BHK,1992 sq.ft,Super Area,1.45 Cr,Possession by Jan'30
411449,3 BHK,1996 sq.ft,Super Area,1.43 Cr,Possession by Jan'30
411449,4 BHK,3015 sq.ft,Super Area,2.15 Cr,Possession by Jan'30
411449,4 BHK,3030 sq.ft,Super Area,2.16 Cr,Possession by Jan'30
411449,4 BHK,3117 sq.ft,Super Area,2.15 Cr,Possession by Jan'30
411449,4 BHK villa,3695 sq.ft,Super Area,3.05 Cr,Possession by Jan'30
430213,4 BHK villa,3607 sq.ft,Super Area,4.79 Cr,Possession by Sep'27
430213,4 BHK villa,3732 sq.ft,Super Area,5 Cr,Possession by Sep'27
430213,4 BHK villa,3824 sq.ft,Super Area,5 Cr,Possession by Sep'27
430213,4 BHK villa,4034 sq.ft,Super Area,5.44 Cr,Possession by Sep'27
430213,4 BHK villa,4156 sq.ft,Super Area,5.60 Cr,Possession by Sep'27
430213,4 BHK villa,5236 sq.ft,Super Area,7 Cr,Possession by Sep'27
427979,3 BHK,1452 sq.ft,Super Area,1.73 Cr,Possession by Nov'28
427979,3 BHK,1457 sq.ft,Super Area,1.74 Cr,Possession by Nov'28
427979,3 BHK,1459 sq.ft,Super Area,1.74 Cr,Possession by Nov'28
427979,3 BHK,1482 sq.ft,Super Area,1.77 Cr,Possession by Nov'28
427979,3 BHK,1651 sq.ft,Super Area,2.39 Cr,Possession by Nov'28
427979,3 BHK,1654 sq.ft,Super Area,1.97 Cr,Possession by Nov'28
427979,3 BHK,1655 sq.ft,Super Area,1.97 Cr,Possession by Nov'28
427979,3 BHK,1660 sq.ft,Super Area,1.98 Cr,Possession by Nov'28
427979,3 BHK,1666 sq.ft,Super Area,1.99 Cr,Possession by Nov'28
427979,3 BHK,1667 sq.ft,Super Area,1.99 Cr,Possession by Nov'28
427979,2 BHK,1171 sq.ft,Super Area,1.39 Cr,Possession by Nov'28
427979,2 BHK,1181 sq.ft,Super Area,1.41 Cr,Possession by Nov'28
375852,3,BHK Flat 931 sq.ft,Area Not Available,"₹ 90 Lac
₹78.1K EMI",Under Construction
375852,2,BHK Builder Floor 1061 sq.ft,Area Not Available,"₹ 68.5 Lac
₹59.4K EMI",Ready to Move
375852,2,BHK Flat 900 sq.ft,Area Not Available,"₹ 79.5 Lac
₹69.0K EMI",Under Construction
375852,,Size Not Available,Area Not Available,,
375852,,Size Not Available,Area Not Available,,
375852,,Size Not Available,Area Not Available,,
375852,,Size Not Available,Area Not Available,,
375852,,Size Not Available,Area Not Available,,
375852,,Size Not Available,Area Not Available,,
375852,,Size Not Available,Area Not Available,,
427272,3 BHK,1295 sq.ft,Super Area,86.9 Lac,Possession by Dec'25
427272,3 BHK,1300 sq.ft,Super Area,84.5 Lac,Possession by Dec'25
427272,3 BHK,1600 sq.ft,Super Area,1.04 Cr,Possession by Dec'25
427272,3 BHK,1655 sq.ft,Super Area,1.14 Cr,Possession by Dec'25
427272,3 BHK,1680 sq.ft,Super Area,1.10 Cr,Possession by Dec'25
427272,2 BHK,1135 sq.ft,Super Area,76.1 Lac,Possession by Dec'25
427272,2 BHK,1140 sq.ft,Super Area,76.5 Lac,Possession by Dec'25
427272,3 BHK,1680 sq.ft,Super Area,1.26 Cr,Possession by Dec'25
423416,3,BHK Flat 920 sq.ft,Area Not Available,Call for Price,Under Construction
423416,3,BHK Flat 1078 sq.ft,Area Not Available,Call for Price,Under Construction
418615,3 BHK,1007 sq.ft,Super Area,2.77 Cr,Possession by Aug'29
418615,3 BHK,1009 sq.ft,Super Area,2.78 Cr,Possession by Aug'29
418615,3 BHK,1218 sq.ft,Super Area,3.36 Cr,Possession by Aug'29
418615,3 BHK,1255 sq.ft,Super Area,3.46 Cr,Possession by Aug'29
418615,2 BHK,761 sq.ft,Super Area,2.09 Cr,Possession by Aug'29
418615,2 BHK,766 sq.ft,Super Area,2.18 Cr,Possession by Aug'29
418615,2 BHK,769 sq.ft,Super Area,2.12 Cr,Possession by Aug'29
418615,2 BHK,776 sq.ft,Super Area,2.14 Cr,Possession by Aug'29
402881,3 BHK,1315 sq.ft,Super Area,68.4 Lac,Possession by Feb'25
402881,3 BHK,1330 sq.ft,Super Area,69.1 Lac,Possession by Feb'25
402881,3 BHK,1380 sq.ft,Super Area,71.6 Lac,Possession by Feb'25
402881,3 BHK,1430 sq.ft,Super Area,74 Lac,Possession by Feb'25
402881,3 BHK,1515 sq.ft,Super Area,78.2 Lac,Possession by Feb'25
402881,2 BHK,960 sq.ft,Super Area,49.1 Lac,Possession by Feb'25
402881,2 BHK,1010 sq.ft,Super Area,53.5 Lac,Possession by Feb'25
402881,2 BHK,1020 sq.ft,Super Area,51.9 Lac,Possession by Feb'25
402881,2 BHK,1050 sq.ft,Super Area,53.3 Lac,Possession by Feb'25
402881,2 BHK,1055 sq.ft,Super Area,53.5 Lac,Possession by Feb'25
402881,2 BHK,1090 sq.ft,Super Area,57.4 Lac,Possession by Feb'25
402881,2 BHK,1095 sq.ft,Super Area,55.4 Lac,Possession by Feb'25
402881,2 BHK,1105 sq.ft,Super Area,55.8 Lac,Possession by Feb'25
402881,2 BHK,1115 sq.ft,Super Area,56.3 Lac,Possession by Feb'25
402881,2 BHK,1125 sq.ft,Super Area,59.1 Lac,Possession by Feb'25
402881,2 BHK,1145 sq.ft,Super Area,60.1 Lac,Possession by Feb'25
402881,1 BHK,615 sq.ft,Super Area,32.9 Lac,Possession by Feb'25
306221,4 BHK villa,1937 sq.ft,Super Area,2.86 Cr,Possession by Dec'25
306221,4 BHK villa,2036 sq.ft,Super Area,2.82 Cr,Possession by Dec'25
306221,4 BHK villa,2323 sq.ft,Super Area,3.36 Cr,Possession by Dec'25
306221,4 BHK villa,2324 sq.ft,Super Area,3.25 Cr,Possession by Dec'25
306221,4 BHK villa,2444 sq.ft,Super Area,2.13 Cr,Possession by Dec'25
306221,4 BHK villa,2446 sq.ft,Super Area,2.09 Cr,Possession by Dec'25
306221,4 BHK villa,2840 sq.ft,Super Area,2.47 Cr,Possession by Dec'25
306221,4 BHK villa,3328 sq.ft,Super Area,2.82 Cr,Possession by Dec'25
306221,4 BHK villa,3377 sq.ft,Super Area,2.86 Cr,Possession by Dec'25
306221,4 BHK villa,3463 sq.ft,Super Area,3.02 Cr,Possession by Dec'25
306221,4 BHK villa,3835 sq.ft,Super Area,3.25 Cr,Possession by Dec'25
306221,4 BHK villa,3853 sq.ft,Super Area,3.36 Cr,Possession by Dec'25
282227,3 BHK,1464 sq.ft,Super Area,13.33 Cr,Possession by Dec'26
282227,3 BHK,1716 sq.ft,Super Area,18.01 Cr,Possession by Dec'26
282227,4 BHK,1721 sq.ft,Super Area,18.07 Cr,Possession by Dec'26
282227,4 BHK,1981 sq.ft,Super Area,18.04 Cr,Possession by Dec'26
282227,4 BHK,2139 sq.ft,Super Area,22.45 Cr,Possession by Dec'26
282227,4 BHK,2337 sq.ft,Super Area,21.28 Cr,Possession by Dec'26
282227,4 BHK,2476 sq.ft,Super Area,25.99 Cr,Possession by Dec'26
282227,4 BHK,2555 sq.ft,Super Area,26.82 Cr,Possession by Dec'26
282227,4 BHK,2776 sq.ft,Super Area,29.14 Cr,Possession by Dec'26
282227,4 BHK,2832 sq.ft,Super Area,29.73 Cr,Possession by Dec'26
282227,4 BHK,2919 sq.ft,Super Area,26.58 Cr,Possession by Dec'26
282227,4 BHK,3061 sq.ft,Super Area,32.14 Cr,Possession by Dec'26
282227,4 BHK,3064 sq.ft,Super Area,32.17 Cr,Possession by Dec'26
282227,4 BHK,3125 sq.ft,Super Area,28.45 Cr,Possession by Dec'26
282227,4 BHK,4334 sq.ft,Super Area,45.50 Cr,Possession by Dec'26
407935,5 BHK villa,2136 sq.ft,Super Area,1.65 Cr,Possession by Apr'26
407935,5 BHK villa,2141 sq.ft,Super Area,1.66 Cr,Possession by Apr'26
407935,5 BHK villa,2481 sq.ft,Super Area,1.92 Cr,Possession by Apr'26
407935,5 BHK villa,2482 sq.ft,Super Area,1.92 Cr,Possession by Apr'26
407935,5 BHK villa,2483 sq.ft,Super Area,1.92 Cr,Possession by Apr'26
407935,5 BHK villa,2484 sq.ft,Super Area,1.92 Cr,Possession by Apr'26
407935,5 BHK villa,2485 sq.ft,Super Area,1.93 Cr,Possession by Apr'26
432547,3 BHK,1512 sq.ft,Super Area,1.51 Cr,Possession by Dec'27
432547,3 BHK,1560 sq.ft,Super Area,1.56 Cr,Possession by Dec'27
432547,3 BHK,1561 sq.ft,Super Area,1.56 Cr,Possession by Dec'27
432547,3 BHK,1567 sq.ft,Super Area,1.56 Cr,Possession by Dec'27
432547,3 BHK,1602 sq.ft,Super Area,1.60 Cr,Possession by Dec'27
432547,3 BHK,1603 sq.ft,Super Area,1.60 Cr,Possession by Dec'27
432547,3 BHK,1608 sq.ft,Super Area,1.60 Cr,Possession by Dec'27
432547,3 BHK,1682 sq.ft,Super Area,1.68 Cr,Possession by Dec'27
432547,3 BHK,1683 sq.ft,Super Area,1.68 Cr,Possession by Dec'27
432547,3 BHK,1685 sq.ft,Super Area,1.68 Cr,Possession by Dec'27
432547,3 BHK,2046 sq.ft,Super Area,2.04 Cr,Possession by Dec'27
432547,3 BHK,2047 sq.ft,Super Area,2.04 Cr,Possession by Dec'27
432547,3 BHK,2048 sq.ft,Super Area,2.04 Cr,Possession by Dec'27
432547,3 BHK,2049 sq.ft,Super Area,2.04 Cr,Possession by Dec'27
432547,2 BHK,1149 sq.ft,Super Area,1.14 Cr,Possession by Dec'27
432547,2 BHK,1283 sq.ft,Super Area,1.28 Cr,Possession by Dec'27
432547,4 BHK,2721 sq.ft,Super Area,2.72 Cr,Possession by Dec'27
432547,4 BHK,2731 sq.ft,Super Area,2.79 Cr,Possession by Dec'27
432547,4 BHK,2733 sq.ft,Super Area,2.79 Cr,Possession by Dec'27
432547,4 BHK,2735 sq.ft,Super Area,2.73 Cr,Possession by Dec'27
425249,3 BHK,997 sq.ft,Super Area,1.68 Cr,Possession by Dec'29
425249,3 BHK,1036 sq.ft,Super Area,1.75 Cr,Possession by Dec'29
425249,3 BHK,1122 sq.ft,Super Area,1.89 Cr,Possession by Dec'29
425249,3 BHK,1197 sq.ft,Super Area,2.02 Cr,Possession by Dec'29
425249,2 BHK,628 sq.ft,Super Area,1.02 Cr,Possession by Dec'29
425249,2 BHK,702 sq.ft,Super Area,1.14 Cr,Possession by Dec'29
425249,2 BHK,782 sq.ft,Super Area,1.27 Cr,Possession by Dec'29
425249,4 BHK,1860 sq.ft,Super Area,2.99 Cr,Possession by Dec'29
425249,4 BHK,2233 sq.ft,Super Area,3.59 Cr,Possession by Dec'29
403086,2 BHK,849 sq.ft,Super Area,87.2 Lac,Possession by Aug'27
403086,2 BHK,878 sq.ft,Super Area,90 Lac,Possession by Aug'27
403086,2 BHK,881 sq.ft,Super Area,90.3 Lac,Possession by Aug'27
403086,2 BHK,883 sq.ft,Super Area,90.5 Lac,Possession by Aug'27
376145,3 BHK,1254 sq.ft,Super Area,97.4 Lac,Possession by Mar'26
376145,3 BHK,1255 sq.ft,Super Area,1.03 Cr,Possession by Mar'26
376145,3 BHK,1897 sq.ft,Super Area,1.47 Cr,Possession by Mar'26
376145,3 BHK,1898 sq.ft,Super Area,1.56 Cr,Possession by Mar'26
376145,2 BHK,949 sq.ft,Super Area,78.5 Lac,Possession by Mar'26
376145,2 BHK,986 sq.ft,Super Area,81.5 Lac,Possession by Mar'26
376145,2 BHK,1034 sq.ft,Super Area,85.5 Lac,Possession by Mar'26
432510,3 BHK,1252 sq.ft,Super Area,1.37 Cr,Possession by Jan'31
432510,3 BHK,1361 sq.ft,Super Area,1.49 Cr,Possession by Jan'31
432510,2 BHK,929 sq.ft,Super Area,1.02 Cr,Possession by Jan'31
432510,4 BHK,3353 sq.ft,Super Area,3.68 Cr,Possession by Jan'31
411425,3 BHK,1760 sq.ft,Super Area,2 Cr,Possession by Dec'26
411425,3 BHK,1920 sq.ft,Super Area,2.16 Cr,Possession by Dec'26
411425,2 BHK,1225 sq.ft,Super Area,1.44 Cr,Possession by Dec'26
411425,4 BHK,2580 sq.ft,Super Area,3 Cr,Possession by Dec'26
374540,Residential,Plot undefined sq.ft,Area Not Available,Call for Price,
374540,Residential,Plot undefined sq.ft,Area Not Available,Call for Price,
374540,Residential,Plot undefined sq.ft,Area Not Available,Call for Price,
374540,,Size Not Available,Area Not Available,,
374540,,Size Not Available,Area Not Available,,
374540,,Size Not Available,Area Not Available,,
374540,,Size Not Available,Area Not Available,,
374540,,Size Not Available,Area Not Available,,
402421,3 BHK villa,2005 sq.ft,Super Area,2.16 Cr,Possession by Sep'25
402421,3 BHK villa,2034 sq.ft,Super Area,2.19 Cr,Possession by Sep'25
402421,4 BHK villa,2860 sq.ft,Super Area,3.06 Cr,Possession by Sep'25
402421,4 BHK villa,3022 sq.ft,Super Area,3.23 Cr,Possession by Sep'25
402990,Residential,Plot undefined sq.ft,Area Not Available,Call for Price,
402990,Residential,Plot undefined sq.ft,Area Not Available,Call for Price,
402990,Residential,Plot undefined sq.ft,Area Not Available,Call for Price,
424173,3 BHK,1670 sq.ft,Super Area,1.70 Cr,Possession by Sep'28
424173,3 BHK,1680 sq.ft,Super Area,1.71 Cr,Possession by Sep'28
424173,3 BHK,1690 sq.ft,Super Area,1.72 Cr,Possession by Sep'28
424173,3 BHK,1700 sq.ft,Super Area,1.73 Cr,Possession by Sep'28
424173,3 BHK,1710 sq.ft,Super Area,1.74 Cr,Possession by Sep'28
424173,3 BHK,1720 sq.ft,Super Area,1.75 Cr,Possession by Sep'28
424173,3 BHK,1730 sq.ft,Super Area,1.76 Cr,Possession by Sep'28
424173,3 BHK,1740 sq.ft,Super Area,1.77 Cr,Possession by Sep'28
424173,3 BHK,1750 sq.ft,Super Area,1.78 Cr,Possession by Sep'28
424173,3 BHK,1760 sq.ft,Super Area,1.79 Cr,Possession by Sep'28
424173,3 BHK,1770 sq.ft,Super Area,1.80 Cr,Possession by Sep'28
424173,3 BHK,1780 sq.ft,Super Area,1.81 Cr,Possession by Sep'28
424173,3 BHK,1790 sq.ft,Super Area,1.82 Cr,Possession by Sep'28
424173,3 BHK,1800 sq.ft,Super Area,1.83 Cr,Possession by Sep'28
424173,3 BHK,1810 sq.ft,Super Area,1.84 Cr,Possession by Sep'28
424173,3 BHK,1830 sq.ft,Super Area,1.86 Cr,Possession by Sep'28
424173,3 BHK,1840 sq.ft,Super Area,1.87 Cr,Possession by Sep'28
424173,3 BHK,1850 sq.ft,Super Area,1.88 Cr,Possession by Sep'28
424173,3 BHK,1860 sq.ft,Super Area,1.89 Cr,Possession by Sep'28
424173,2 BHK,1785 sq.ft,Super Area,1.82 Cr,Possession by Sep'28
424173,4 BHK,2163 sq.ft,Super Area,2.20 Cr,Possession by Sep'28
424173,4 BHK,2168 sq.ft,Super Area,2.21 Cr,Possession by Sep'28
405318,3 BHK,1407 sq.ft,Super Area,1.48 Cr,Possession by May'27
405318,3 BHK,1428 sq.ft,Super Area,1.50 Cr,Possession by May'27
405318,3 BHK,1431 sq.ft,Super Area,1.51 Cr,Possession by May'27
405318,3 BHK,1438 sq.ft,Super Area,1.51 Cr,Possession by May'27
405318,3 BHK,1453 sq.ft,Super Area,1.53 Cr,Possession by May'27
405318,3 BHK,1458 sq.ft,Super Area,1.53 Cr,Possession by May'27
405318,3 BHK,1699 sq.ft,Super Area,1.79 Cr,Possession by May'27
405318,3 BHK,1858 sq.ft,Super Area,1.96 Cr,Possession by May'27
405318,3 BHK,1866 sq.ft,Super Area,1.96 Cr,Possession by May'27
405318,3 BHK,1892 sq.ft,Super Area,1.99 Cr,Possession by May'27
405318,3 BHK,1902 sq.ft,Super Area,2 Cr,Possession by May'27
405318,2 BHK,1018 sq.ft,Super Area,1.07 Cr,Possession by May'27
405318,2 BHK,1061 sq.ft,Super Area,1.12 Cr,Possession by May'27
405318,2 BHK,1067 sq.ft,Super Area,1.12 Cr,Possession by May'27
405318,2 BHK,1077 sq.ft,Super Area,1.13 Cr,Possession by May'27
405318,2 BHK,1084 sq.ft,Super Area,1.14 Cr,Possession by May'27
405318,2 BHK,1135 sq.ft,Super Area,1.19 Cr,Possession by May'27
405318,2 BHK,1151 sq.ft,Super Area,1.21 Cr,Possession by May'27
405318,4 BHK,2226 sq.ft,Super Area,2.35 Cr,Possession by May'27
405318,4 BHK,2244 sq.ft,Super Area,2.36 Cr,Possession by May'27
405318,4 BHK,2514 sq.ft,Super Area,2.65 Cr,Possession by May'27
405318,4 BHK,2544 sq.ft,Super Area,2.68 Cr,Possession by May'27
405318,4 BHK,2585 sq.ft,Super Area,2.72 Cr,Possession by May'27
405318,4 BHK,2676 sq.ft,Super Area,2.82 Cr,Possession by May'27
405318,4 BHK,2717 sq.ft,Super Area,2.30 Cr,Possession by May'27
405318,4 BHK,3241 sq.ft,Super Area,3.42 Cr,Possession by May'27
427026,3 BHK,1277 sq.ft,Super Area,1.07 Cr,Possession by Mar'26
427026,3 BHK,1413 sq.ft,Super Area,1.18 Cr,Possession by Mar'26
427026,3 BHK,1418 sq.ft,Super Area,1.18 Cr,Possession by Mar'26
427026,3 BHK,1475 sq.ft,Super Area,1.23 Cr,Possession by Mar'26
427026,3 BHK,1494 sq.ft,Super Area,1.24 Cr,Possession by Mar'26
427026,3 BHK,1502 sq.ft,Super Area,1.25 Cr,Possession by Mar'26
427026,3 BHK,1504 sq.ft,Super Area,1.25 Cr,Possession by Mar'26
427026,3 BHK,1551 sq.ft,Super Area,1.29 Cr,Possession by Mar'26
427026,2 BHK,1157 sq.ft,Super Area,98.1 Lac,Possession by Mar'26
427026,2 BHK,1190 sq.ft,Super Area,1 Cr,Possession by Mar'26
426628,Residential plot,1200 sq.ft,Super Area,84 Lac,Possession by Oct'26
426628,Residential plot,1500 sq.ft,Super Area,1.05 Cr,Possession by Oct'26
426628,Residential plot,3300 sq.ft,Super Area,2.31 Cr,Possession by Oct'26
366854,3 BHK,1138 sq.ft,Super Area,1.05 Cr,Possession by Jun'26
366854,3 BHK,1140 sq.ft,Super Area,1.05 Cr,Possession by Jun'26
366854,3 BHK,1141 sq.ft,Super Area,1.06 Cr,Possession by Jun'26
366854,3 BHK,1142 sq.ft,Super Area,1.06 Cr,Possession by Jun'26
366854,3 BHK,1366 sq.ft,Super Area,1.33 Cr,Possession by Jun'26
366854,3 BHK,1500 sq.ft,Super Area,1.46 Cr,Possession by Jun'26
366854,3 BHK,1600 sq.ft,Super Area,1.56 Cr,Possession by Jun'26
366854,3 BHK,1700 sq.ft,Super Area,1.66 Cr,Possession by Jun'26
366854,3 BHK,1800 sq.ft,Super Area,1.75 Cr,Possession by Jun'26
366854,3 BHK,1900 sq.ft,Super Area,1.85 Cr,Possession by Jun'26
366854,2 BHK,1133 sq.ft,Super Area,1.10 Cr,Possession by Jun'26
366854,2 BHK,1367 sq.ft,Super Area,1.33 Cr,Possession by Jun'26
366854,2 BHK,1371 sq.ft,Super Area,1.34 Cr,Possession by Jun'26
426925,3 BHK,1360 sq.ft,Super Area,88.4 Lac,Possession by Apr'25
426925,3 BHK,1400 sq.ft,Super Area,91 Lac,Possession by Apr'25
426925,3 BHK,1425 sq.ft,Super Area,92.6 Lac,Possession by Apr'25
426925,3 BHK,1460 sq.ft,Super Area,94.9 Lac,Possession by Apr'25
426925,3 BHK,1485 sq.ft,Super Area,96.5 Lac,Possession by Apr'25
426925,3 BHK,1525 sq.ft,Super Area,99.1 Lac,Possession by Apr'25
426925,3 BHK,1540 sq.ft,Super Area,1 Cr,Possession by Apr'25
426925,2 BHK,1080 sq.ft,Super Area,70.2 Lac,Possession by Apr'25
426925,2 BHK,1105 sq.ft,Super Area,71.8 Lac,Possession by Apr'25
426925,2 BHK,1125 sq.ft,Super Area,73.1 Lac,Possession by Apr'25
426925,2 BHK,1245 sq.ft,Super Area,80.9 Lac,Possession by Apr'25
426925,2 BHK,1250 sq.ft,Super Area,81.3 Lac,Possession by Apr'25
386352,1,BHK Flat 311 sq.ft,Area Not Available,Call for Price,Ready to Move
379927,3 BHK,735 sq.ft,Super Area,3.81 Cr,Possession by Dec'27
379927,3 BHK,820 sq.ft,Super Area,4.25 Cr,Possession by Dec'27
379927,3 BHK,880 sq.ft,Super Area,4.56 Cr,Possession by Dec'27
379927,3 BHK,1180 sq.ft,Super Area,6.12 Cr,Possession by Dec'27
379927,3 BHK,1200 sq.ft,Super Area,6.23 Cr,Possession by Dec'27
379927,2 BHK,560 sq.ft,Super Area,2.90 Cr,Possession by Dec'27
379927,2 BHK,580 sq.ft,Super Area,3.01 Cr,Possession by Dec'27
379927,2 BHK,600 sq.ft,Super Area,3.11 Cr,Possession by Dec'27
425506,3 BHK,1471 sq.ft,Super Area,96.3 Lac,Possession by Feb'28
425506,3 BHK,1526 sq.ft,Super Area,99.9 Lac,Possession by Feb'28
425506,3 BHK,1696 sq.ft,Super Area,1.11 Cr,Possession by Feb'28
425506,3 BHK,1699 sq.ft,Super Area,1.11 Cr,Possession by Feb'28
425506,3 BHK,1700 sq.ft,Super Area,1.20 Cr,Possession by Feb'28
425506,3 BHK,1999 sq.ft,Super Area,1.30 Cr,Possession by Feb'28
425506,2 BHK,1159 sq.ft,Super Area,75.9 Lac,Possession by Feb'28
425506,2 BHK,1229 sq.ft,Super Area,80.5 Lac,Possession by Feb'28
425506,2 BHK,1384 sq.ft,Super Area,97.7 Lac,Possession by Feb'28
384290,3 BHK,758 sq.ft,Super Area,2.18 Cr,Possession by Feb'27
384290,3 BHK,847 sq.ft,Super Area,1.24 Cr,Possession by Feb'27
384290,3 BHK,1240 sq.ft,Super Area,1.49 Cr,Possession by Feb'27
384290,3 BHK,1241 sq.ft,Super Area,1.49 Cr,Possession by Feb'27
384290,3 BHK,1353 sq.ft,Super Area,1.62 Cr,Possession by Feb'27
384290,3 BHK,1407 sq.ft,Super Area,1.69 Cr,Possession by Feb'27
384290,3 BHK,1420 sq.ft,Super Area,1.70 Cr,Possession by Feb'27
384290,3 BHK,1421 sq.ft,Super Area,1.70 Cr,Possession by Feb'27
384290,3 BHK,1424 sq.ft,Super Area,1.71 Cr,Possession by Feb'27
384290,3 BHK,1430 sq.ft,Super Area,1.71 Cr,Possession by Feb'27
384290,3 BHK,1450 sq.ft,Super Area,1.74 Cr,Possession by Feb'27
384290,3 BHK,1453 sq.ft,Super Area,1.74 Cr,Possession by Feb'27
384290,3 BHK,1458 sq.ft,Super Area,1.75 Cr,Possession by Feb'27
384290,3 BHK,1460 sq.ft,Super Area,1.75 Cr,Possession by Feb'27
384290,3 BHK,1489 sq.ft,Super Area,1.79 Cr,Possession by Feb'27
384290,3 BHK,1497 sq.ft,Super Area,1.80 Cr,Possession by Feb'27
384290,3 BHK,1498 sq.ft,Super Area,1.80 Cr,Possession by Feb'27
384290,3 BHK,1525 sq.ft,Super Area,1.83 Cr,Possession by Feb'27
384290,2 BHK,673 sq.ft,Super Area,98.8 Lac,Possession by Feb'27
384290,2 BHK,987 sq.ft,Super Area,1.18 Cr,Possession by Feb'27
384290,2 BHK,998 sq.ft,Super Area,1.20 Cr,Possession by Feb'27
384290,2 BHK,1090 sq.ft,Super Area,1.31 Cr,Possession by Feb'27
410150,2 BHK,1166 sq.ft,Super Area,70.9 Lac,Possession by Aug'26
410150,2 BHK,1242 sq.ft,Super Area,75.5 Lac,Possession by Aug'26
410150,2 BHK,1590 sq.ft,Super Area,96.7 Lac,Possession by Aug'26
141819,3,BHK Villa 2225 sq.ft,Area Not Available,₹ 1.55 Cr,
141819,3,BHK Villa 1800 sq.ft,Area Not Available,₹ 1.49 Cr,
141819,Residential,Plot,Area Not Available,₹ 51.0 Lac,
427907,3 BHK,2145 sq.ft,Super Area,3 Cr,Possession by Jun'29
427907,3 BHK,2481 sq.ft,Super Area,3.47 Cr,Possession by Jun'29
427907,5 BHK,4137 sq.ft,Super Area,6.49 Cr,Possession by Jun'29
427907,5 BHK,4204 sq.ft,Super Area,5.87 Cr,Possession by Jun'29
427907,5 BHK,4895 sq.ft,Super Area,6.84 Cr,Possession by Jun'29
427907,5 BHK,5827 sq.ft,Super Area,9.69 Cr,Possession by Jun'29
427907,5 BHK,5947 sq.ft,Super Area,8.31 Cr,Possession by Jun'29
427907,4 BHK,3066 sq.ft,Super Area,4.69 Cr,Possession by Jun'29
392369,3 BHK,1325 sq.ft,Super Area,1.23 Cr,Possession by Nov'24
392369,3 BHK,1330 sq.ft,Super Area,1.23 Cr,Possession by Nov'24
392369,2 BHK,875 sq.ft,Super Area,81.4 Lac,Possession by Nov'24
392369,2 BHK,880 sq.ft,Super Area,84.8 Lac,Possession by Nov'24
392369,2 BHK,1099 sq.ft,Super Area,1.02 Cr,Possession by Nov'24
392369,2 BHK,1100 sq.ft,Super Area,1.05 Cr,Possession by Nov'24
392369,2 BHK,1103 sq.ft,Super Area,1.02 Cr,Possession by Nov'24
392369,2 BHK,1104 sq.ft,Super Area,1.05 Cr,Possession by Nov'24
392369,2 BHK,1105 sq.ft,Super Area,1.05 Cr,Possession by Nov'24
392369,2 BHK,1175 sq.ft,Super Area,1.09 Cr,Possession by Nov'24
392369,2 BHK,1210 sq.ft,Super Area,1.12 Cr,Possession by Nov'24
392369,2 BHK,1325 sq.ft,Super Area,1.26 Cr,Possession by Nov'24
392369,2 BHK,1330 sq.ft,Super Area,1.26 Cr,Possession by Nov'24
425507,3 BHK,1380 sq.ft,Super Area,88.3 Lac,Possession by Feb'29
425507,3 BHK,1472 sq.ft,Super Area,94.2 Lac,Possession by Feb'29
425507,3 BHK,1635 sq.ft,Super Area,1.04 Cr,Possession by Feb'29
425507,3 BHK,1823 sq.ft,Super Area,1.16 Cr,Possession by Feb'29
425507,2 BHK,1151 sq.ft,Super Area,73.7 Lac,Possession by Feb'29
425507,2 BHK,1217 sq.ft,Super Area,79.1 Lac,Possession by Feb'29
425507,2 BHK,1222 sq.ft,Super Area,78.2 Lac,Possession by Feb'29
425507,2 BHK,1254 sq.ft,Super Area,80.3 Lac,Possession by Feb'29
433805,3 BHK,1310 sq.ft,Super Area,61.6 Lac,Possession by Sep'30
433805,3 BHK,1431 sq.ft,Super Area,67.3 Lac,Possession by Sep'30
433805,3 BHK,1546 sq.ft,Super Area,75.8 Lac,Possession by Sep'30
433805,3 BHK,1697 sq.ft,Super Area,83.2 Lac,Possession by Sep'30
433805,3 BHK,1736 sq.ft,Super Area,88.5 Lac,Possession by Sep'30
433805,2 BHK,1097 sq.ft,Super Area,49.4 Lac,Possession by Sep'30
433805,2 BHK,1125 sq.ft,Super Area,50.6 Lac,Possession by Sep'30
433805,2 BHK,1182 sq.ft,Super Area,53.2 Lac,Possession by Sep'30
433805,2 BHK,1190 sq.ft,Super Area,55.9 Lac,Possession by Sep'30
422868,3 BHK,1383 sq.ft,Super Area,91.3 Lac,Possession by Dec'28
422868,2 BHK,1101 sq.ft,Super Area,75 Lac,Possession by Dec'28
422868,2 BHK,1104 sq.ft,Super Area,66.2 Lac,Possession by Dec'28
397983,3 BHK,1335 sq.ft,Super Area,1.41 Cr,Possession by Dec'25
397983,3 BHK,1336 sq.ft,Super Area,1.41 Cr,Possession by Dec'25
397983,3 BHK,1485 sq.ft,Super Area,1.57 Cr,Possession by Dec'25
397983,3 BHK,1486 sq.ft,Super Area,1.57 Cr,Possession by Dec'25
397983,3 BHK,1495 sq.ft,Super Area,1.58 Cr,Possession by Dec'25
397983,3 BHK,1496 sq.ft,Super Area,1.58 Cr,Possession by Dec'25
397983,3 BHK,1585 sq.ft,Super Area,1.68 Cr,Possession by Dec'25
397983,3 BHK,1730 sq.ft,Super Area,1.83 Cr,Possession by Dec'25
397983,3 BHK,1790 sq.ft,Super Area,1.89 Cr,Possession by Dec'25
397983,3 BHK,1890 sq.ft,Super Area,2 Cr,Possession by Dec'25
397983,2 BHK,1050 sq.ft,Super Area,1.11 Cr,Possession by Dec'25
397983,2 BHK,1135 sq.ft,Super Area,1.20 Cr,Possession by Dec'25
397983,2 BHK,1136 sq.ft,Super Area,1.20 Cr,Possession by Dec'25
397983,2 BHK,1230 sq.ft,Super Area,1.30 Cr,Possession by Dec'25
397983,2 BHK,1231 sq.ft,Super Area,1.30 Cr,Possession by Dec'25
397983,2 BHK,1260 sq.ft,Super Area,1.33 Cr,Possession by Dec'25
397983,2 BHK,1315 sq.ft,Super Area,1.39 Cr,Possession by Dec'25
397983,2 BHK,1320 sq.ft,Super Area,1.40 Cr,Possession by Dec'25
397983,2 BHK,1380 sq.ft,Super Area,1.46 Cr,Possession by Dec'25
397983,4 BHK,2250 sq.ft,Super Area,2.38 Cr,Possession by Dec'25
397983,4 BHK,2265 sq.ft,Super Area,2.40 Cr,Possession by Dec'25
397983,4 BHK,2395 sq.ft,Super Area,2.54 Cr,Possession by Dec'25
397983,4 BHK,2400 sq.ft,Super Area,2.54 Cr,Possession by Dec'25
429184,3 BHK,1735 sq.ft,Super Area,1.09 Cr,Possession by Mar'28
429184,3 BHK,1740 sq.ft,Super Area,1.08 Cr,Possession by Mar'28
429184,2 BHK,1270 sq.ft,Super Area,82 Lac,Possession by Mar'28
429184,2 BHK,1315 sq.ft,Super Area,85.5 Lac,Possession by Mar'28
402429,3 BHK,1265 sq.ft,Super Area,1.42 Cr,Possession by Dec'24
402429,3 BHK,1295 sq.ft,Super Area,1.46 Cr,Possession by Dec'24
402429,3 BHK,1355 sq.ft,Super Area,1.53 Cr,Possession by Dec'24
402429,3 BHK,1495 sq.ft,Super Area,1.68 Cr,Possession by Dec'24
402429,3 BHK,1515 sq.ft,Super Area,1.28 Cr,Possession by Dec'24
402429,3 BHK,1545 sq.ft,Super Area,1.31 Cr,Possession by Dec'24
402429,3 BHK,1585 sq.ft,Super Area,1.34 Cr,Possession by Dec'24
402429,3 BHK,1665 sq.ft,Super Area,1.88 Cr,Possession by Dec'24
402429,3 BHK,1685 sq.ft,Super Area,1.43 Cr,Possession by Dec'24
402429,3 BHK,1885 sq.ft,Super Area,1.60 Cr,Possession by Dec'24
402429,2 BHK,970 sq.ft,Super Area,1.09 Cr,Possession by Dec'24
402429,2 BHK,1120 sq.ft,Super Area,1.26 Cr,Possession by Dec'24
402429,2 BHK,1130 sq.ft,Super Area,96 Lac,Possession by Dec'24
402429,2 BHK,1150 sq.ft,Super Area,1.29 Cr,Possession by Dec'24
402429,2 BHK,1160 sq.ft,Super Area,1.31 Cr,Possession by Dec'24
402429,2 BHK,1180 sq.ft,Super Area,1.33 Cr,Possession by Dec'24
402429,2 BHK,1200 sq.ft,Super Area,1.35 Cr,Possession by Dec'24
402429,2 BHK,1220 sq.ft,Super Area,1.37 Cr,Possession by Dec'24
402429,2 BHK,1230 sq.ft,Super Area,1.38 Cr,Possession by Dec'24
402429,2 BHK,1240 sq.ft,Super Area,1.40 Cr,Possession by Dec'24
402429,2 BHK,1270 sq.ft,Super Area,1.07 Cr,Possession by Dec'24
402429,2 BHK,1290 sq.ft,Super Area,1.45 Cr,Possession by Dec'24
402429,2 BHK,1420 sq.ft,Super Area,1.20 Cr,Possession by Dec'24
433863,3 BHK,1483 sq.ft,Super Area,4.45 Cr,Possession by Dec'29
433863,3 BHK,1485 sq.ft,Super Area,4.45 Cr,Possession by Dec'29
433863,2 BHK,849 sq.ft,Super Area,2.54 Cr,Possession by Dec'29
433863,2 BHK,850 sq.ft,Super Area,2.55 Cr,Possession by Dec'29
433863,5 BHK,2332 sq.ft,Super Area,6.99 Cr,Possession by Dec'29
433863,5 BHK,2465 sq.ft,Super Area,7.39 Cr,Possession by Dec'29
422558,3 BHK,1120 sq.ft,Super Area,3.58 Cr,Possession by Jun'30
422558,3 BHK,1149 sq.ft,Super Area,3.20 Cr,Possession by Jun'30
422558,3 BHK,1450 sq.ft,Super Area,4.64 Cr,Possession by Jun'30
422558,3 BHK,1457 sq.ft,Super Area,6.15 Cr,Possession by Jun'30
422558,3 BHK,1550 sq.ft,Super Area,3.39 Cr,Possession by Jun'30
422558,3 BHK,1650 sq.ft,Super Area,Price Not Available,Possession by Jun'30
422558,2 BHK,750 sq.ft,Super Area,Price Not Available,Possession by Jun'30
422558,2 BHK,820 sq.ft,Super Area,Price Not Available,Possession by Jun'30
422558,2 BHK,1020 sq.ft,Super Area,Price Not Available,Possession by Jun'30
422558,2 BHK,1150 sq.ft,Super Area,Price Not Available,Possession by Jun'30
422558,4 BHK,2016 sq.ft,Super Area,6.15 Cr,Possession by Jun'30
422558,4 BHK,2500 sq.ft,Super Area,5.94 Cr,Possession by Jun'30
386994,2,BHK Builder Floor 965 sq.ft,Area Not Available,"₹ 1.03 Cr
₹89.4K EMI",Ready to Move
386994,2,BHK Builder Floor 985 sq.ft,Area Not Available,"₹ 1.08 Cr
₹94.2K EMI",Ready to Move
386994,2,BHK Flat 985 sq.ft,Area Not Available,"₹ 95 Lac
₹82.4K EMI",Ready to Move
386994,,Size Not Available,Area Not Available,,
386994,,Size Not Available,Area Not Available,,
386994,,Size Not Available,Area Not Available,,
386994,,Size Not Available,Area Not Available,,
386994,,Size Not Available,Area Not Available,,
393857,3 BHK,1744 sq.ft,Super Area,1.92 Cr,Possession by Dec'27
393857,3 BHK,1746 sq.ft,Super Area,1.93 Cr,Possession by Dec'27
393857,3 BHK,1936 sq.ft,Super Area,2.14 Cr,Possession by Dec'27
393857,3 BHK,1937 sq.ft,Super Area,2.14 Cr,Possession by Dec'27
393857,2 BHK,1359 sq.ft,Super Area,1.50 Cr,Possession by Dec'27
393857,4 BHK,2678 sq.ft,Super Area,2.96 Cr,Possession by Dec'27
393857,4 BHK,2802 sq.ft,Super Area,3.10 Cr,Possession by Dec'27
418319,3 BHK,1400 sq.ft,Super Area,1.62 Cr,Possession by Dec'28
418319,3 BHK,1412 sq.ft,Super Area,1.63 Cr,Possession by Dec'28
418319,3 BHK,1420 sq.ft,Super Area,1.64 Cr,Possession by Dec'28
418319,3 BHK,1424 sq.ft,Super Area,1.65 Cr,Possession by Dec'28
418319,3 BHK,1431 sq.ft,Super Area,1.65 Cr,Possession by Dec'28
418319,3 BHK,1450 sq.ft,Super Area,1.68 Cr,Possession by Dec'28
418319,3 BHK,1499 sq.ft,Super Area,1.73 Cr,Possession by Dec'28
418319,3 BHK,1644 sq.ft,Super Area,1.90 Cr,Possession by Dec'28
418319,3 BHK,1664 sq.ft,Super Area,1.92 Cr,Possession by Dec'28
418319,3 BHK,1680 sq.ft,Super Area,1.94 Cr,Possession by Dec'28
418319,3 BHK,1685 sq.ft,Super Area,1.95 Cr,Possession by Dec'28
418319,3 BHK,1687 sq.ft,Super Area,1.95 Cr,Possession by Dec'28
418319,3 BHK,1692 sq.ft,Super Area,1.96 Cr,Possession by Dec'28
418319,3 BHK,1694 sq.ft,Super Area,1.96 Cr,Possession by Dec'28
418319,3 BHK,1697 sq.ft,Super Area,1.96 Cr,Possession by Dec'28
418319,3 BHK,1728 sq.ft,Super Area,2 Cr,Possession by Dec'28
418319,3 BHK,2027 sq.ft,Super Area,2.22 Cr,Possession by Dec'28
418319,4 BHK,2491 sq.ft,Super Area,2.79 Cr,Possession by Dec'28
432543,Studio apartment,424 sq.ft,Super Area,40.7 Lac,Possession by Nov'29
432543,3 BHK,1506 sq.ft,Super Area,1.54 Cr,Possession by Nov'29
432543,3 BHK,1809 sq.ft,Super Area,1.84 Cr,Possession by Nov'29
432543,2 BHK,1142 sq.ft,Super Area,1.17 Cr,Possession by Nov'29
432543,1 BHK,690 sq.ft,Super Area,72.8 Lac,Possession by Nov'29
429486,3 BHK,1216 sq.ft,Super Area,3.04 Cr,Possession by Dec'30
429486,2 BHK,840 sq.ft,Super Area,2.10 Cr,Possession by Dec'30
429486,2 BHK,886 sq.ft,Super Area,2.18 Cr,Possession by Dec'30
420665,4 BHK villa,2400 sq.ft,Super Area,2.05 Cr,Possession by Nov'25
420665,4 BHK villa,2800 sq.ft,Super Area,2.45 Cr,Possession by Nov'25
420665,4 BHK villa,3500 sq.ft,Super Area,3 Cr,Possession by Nov'25
430996,3 BHK,1500 sq.ft,Super Area,1.59 Cr,Possession by Sep'27
430996,3 BHK,1518 sq.ft,Super Area,1.69 Cr,Possession by Sep'27
430996,3 BHK,1541 sq.ft,Super Area,1.64 Cr,Possession by Sep'27
430996,3 BHK,1693 sq.ft,Super Area,1.80 Cr,Possession by Sep'27
430996,3 BHK,1772 sq.ft,Super Area,1.88 Cr,Possession by Sep'27
430996,3 BHK,1777 sq.ft,Super Area,1.89 Cr,Possession by Sep'27
430996,3 BHK,1850 sq.ft,Super Area,1.97 Cr,Possession by Sep'27
430996,3 BHK,1925 sq.ft,Super Area,2.05 Cr,Possession by Sep'27
430996,3 BHK,1927 sq.ft,Super Area,2.05 Cr,Possession by Sep'27
428931,3 BHK,1250 sq.ft,Super Area,96.8 Lac,Possession by Dec'27
428931,3 BHK,1390 sq.ft,Super Area,1.07 Cr,Possession by Dec'27
428931,3 BHK,1400 sq.ft,Super Area,1.08 Cr,Possession by Dec'27
428931,3 BHK,1445 sq.ft,Super Area,1.11 Cr,Possession by Dec'27
428931,3 BHK,1540 sq.ft,Super Area,1.19 Cr,Possession by Dec'27
428931,3 BHK,1545 sq.ft,Super Area,1.19 Cr,Possession by Dec'27
428931,3 BHK,1565 sq.ft,Super Area,1.21 Cr,Possession by Dec'27
428931,3 BHK,1595 sq.ft,Super Area,1.23 Cr,Possession by Dec'27
428931,3 BHK,1600 sq.ft,Super Area,1.23 Cr,Possession by Dec'27
428931,3 BHK,1660 sq.ft,Super Area,1.28 Cr,Possession by Dec'27
428931,3 BHK,1730 sq.ft,Super Area,1.34 Cr,Possession by Dec'27
428931,3 BHK,1790 sq.ft,Super Area,1.38 Cr,Possession by Dec'27
428931,3 BHK,1855 sq.ft,Super Area,1.43 Cr,Possession by Dec'27
428931,2 BHK,1240 sq.ft,Super Area,96 Lac,Possession by Dec'27
428931,2 BHK,1340 sq.ft,Super Area,1.03 Cr,Possession by Dec'27
427769,Residential plot,1200 sq.ft,Super Area,84.7 Lac,Possession by Sep'26
427769,Residential plot,1500 sq.ft,Super Area,1.05 Cr,Possession by Sep'26
427769,Residential plot,1936 sq.ft,Super Area,1.34 Cr,Possession by Sep'26
413382,3 BHK,1455 sq.ft,Super Area,98.9 Lac,Possession by May'25
413382,3 BHK,1920 sq.ft,Super Area,1.40 Cr,Possession by May'25
413382,2 BHK,1045 sq.ft,Super Area,73.1 Lac,Possession by May'25
413382,2 BHK,1055 sq.ft,Super Area,73.9 Lac,Possession by May'25
413382,2 BHK,1240 sq.ft,Super Area,89 Lac,Possession by May'25
386987,2,BHK Flat 678 sq.ft,Area Not Available,Call for Price,Under Construction
409341,3 BHK,1505 sq.ft,Super Area,1.92 Cr,Possession by Dec'25
409341,3 BHK,1660 sq.ft,Super Area,2.12 Cr,Possession by Dec'25
409341,3 BHK,1720 sq.ft,Super Area,2.20 Cr,Possession by Dec'25
409341,3 BHK,1730 sq.ft,Super Area,2.21 Cr,Possession by Dec'25
409341,3 BHK,1740 sq.ft,Super Area,2.48 Cr,Possession by Dec'25
409341,3 BHK,1755 sq.ft,Super Area,2.50 Cr,Possession by Dec'25
409341,3 BHK,1785 sq.ft,Super Area,2.28 Cr,Possession by Dec'25
409341,3 BHK,1790 sq.ft,Super Area,2.29 Cr,Possession by Dec'25
409341,3 BHK,1890 sq.ft,Super Area,2.45 Cr,Possession by Dec'25
409341,3 BHK,1895 sq.ft,Super Area,2.46 Cr,Possession by Dec'25
409341,3 BHK,1930 sq.ft,Super Area,2.50 Cr,Possession by Dec'25
409341,3 BHK,1940 sq.ft,Super Area,2.52 Cr,Possession by Dec'25
409341,3 BHK,1970 sq.ft,Super Area,2.56 Cr,Possession by Dec'25
409341,3 BHK,1985 sq.ft,Super Area,2.58 Cr,Possession by Dec'25
409341,3 BHK,2000 sq.ft,Super Area,2.60 Cr,Possession by Dec'25
409341,3 BHK,2500 sq.ft,Super Area,3.56 Cr,Possession by Dec'25
409341,4 BHK,1971 sq.ft,Super Area,2.80 Cr,Possession by Dec'25
409341,4 BHK,2230 sq.ft,Super Area,2.89 Cr,Possession by Dec'25
409341,4 BHK,2300 sq.ft,Super Area,2.99 Cr,Possession by Dec'25
409341,4 BHK,2380 sq.ft,Super Area,3.10 Cr,Possession by Dec'25
409341,4 BHK,2386 sq.ft,Super Area,3.40 Cr,Possession by Dec'25
409341,4 BHK,2470 sq.ft,Super Area,3.52 Cr,Possession by Dec'25
409341,4 BHK,2475 sq.ft,Super Area,3.52 Cr,Possession by Dec'25
409341,4 BHK,2500 sq.ft,Super Area,3 Cr,Possession by Dec'25
409341,4 BHK,2515 sq.ft,Super Area,3.27 Cr,Possession by Dec'25
409341,4 BHK,2600 sq.ft,Super Area,3.12 Cr,Possession by Dec'25
409341,4 BHK,2615 sq.ft,Super Area,3.72 Cr,Possession by Dec'25
409341,4 BHK,2630 sq.ft,Super Area,3.74 Cr,Possession by Dec'25
403481,3 BHK,1362 sq.ft,Super Area,1.56 Cr,Possession by Jun'27
403481,3 BHK,1565 sq.ft,Super Area,1.79 Cr,Possession by Jun'27
403481,3 BHK,1674 sq.ft,Super Area,1.92 Cr,Possession by Jun'27
403481,3 BHK,1789 sq.ft,Super Area,2.05 Cr,Possession by Jun'27
403481,2 BHK,1154 sq.ft,Super Area,1.32 Cr,Possession by Jun'27
403481,1 BHK,675 sq.ft,Super Area,77.6 Lac,Possession by Jun'27
416159,3 BHK,1400 sq.ft,Super Area,1.73 Cr,Possession by Jun'28
416159,3 BHK,1535 sq.ft,Super Area,1.90 Cr,Possession by Jun'28
416159,3 BHK,1550 sq.ft,Super Area,1.92 Cr,Possession by Jun'28
416159,3 BHK,1908 sq.ft,Super Area,2.36 Cr,Possession by Jun'28
416159,3 BHK,1910 sq.ft,Super Area,2.36 Cr,Possession by Jun'28
416159,3 BHK,2000 sq.ft,Super Area,2.48 Cr,Possession by Jun'28
416159,3 BHK,2070 sq.ft,Super Area,2.56 Cr,Possession by Jun'28
416159,4 BHK,2300 sq.ft,Super Area,2.85 Cr,Possession by Jun'28
416159,4 BHK,2356 sq.ft,Super Area,2.92 Cr,Possession by Jun'28
416159,4 BHK,2500 sq.ft,Super Area,3.10 Cr,Possession by Jun'28
416159,4 BHK,2549 sq.ft,Super Area,3.16 Cr,Possession by Jun'28
416159,4 BHK,2550 sq.ft,Super Area,3.16 Cr,Possession by Jun'28
416159,4 BHK,2555 sq.ft,Super Area,3.16 Cr,Possession by Jun'28
416159,4 BHK,2655 sq.ft,Super Area,3.29 Cr,Possession by Jun'28
334081,3 BHK,1106 sq.ft,Super Area,1.17 Cr,Possession by Sep'24
334081,2 BHK,880 sq.ft,Super Area,93 Lac,Possession by Sep'24
334081,1 BHK,568 sq.ft,Super Area,60 Lac,Possession by Sep'24
403616,3 BHK,1237 sq.ft,Super Area,68 Lac,Possession by Jul'26
403616,3 BHK,1397 sq.ft,Super Area,76.8 Lac,Possession by Jul'26
403616,3 BHK,1425 sq.ft,Super Area,80 Lac,Possession by Jul'26
403616,3 BHK,1578 sq.ft,Super Area,86.8 Lac,Possession by Jul'26
403616,2 BHK,1083 sq.ft,Super Area,61 Lac,Possession by Jul'26
403616,2 BHK,1129 sq.ft,Super Area,63 Lac,Possession by Jul'26
1184,2 BHK,540 sq.ft,Super Area,83 Lac,Possession by Dec'28
1184,2 BHK,545 sq.ft,Super Area,84 Lac,Possession by Dec'28
1184,2 BHK,560 sq.ft,Super Area,86 Lac,Possession by Dec'28
1184,2 BHK,650 sq.ft,Super Area,82.3 Lac,Possession by Dec'28
1184,2 BHK,700 sq.ft,Super Area,91.4 Lac,Possession by Dec'28
1184,1 BHK,380 sq.ft,Super Area,45.3 Lac,Possession by Dec'28
396799,4 BHK,3827 sq.ft,Super Area,4.29 Cr,Possession by Jun'25
396799,5 BHK villa,4520 sq.ft,Super Area,4.80 Cr,Possession by Jun'25
396799,4 BHK villa,3836 sq.ft,Super Area,4.19 Cr,Possession by Jun'25
396799,4 BHK villa,4074 sq.ft,Super Area,5.87 Cr,Possession by Jun'25
396799,4 BHK villa,4250 sq.ft,Super Area,4.53 Cr,Possession by Jun'25
382144,3 BHK,759 sq.ft,Super Area,85.4 Lac,Possession by Mar'24
382144,2 BHK,530 sq.ft,Super Area,59.6 Lac,Possession by Mar'24
382144,2 BHK,540 sq.ft,Super Area,60.8 Lac,Possession by Mar'24
382144,2 BHK,572 sq.ft,Super Area,64.4 Lac,Possession by Mar'24
382144,2 BHK,620 sq.ft,Super Area,69.8 Lac,Possession by Mar'24
382144,1 BHK,421 sq.ft,Super Area,47.4 Lac,Possession by Mar'24
382144,1 BHK,444 sq.ft,Super Area,50 Lac,Possession by Mar'24
382144,1 BHK,479 sq.ft,Super Area,53.9 Lac,Possession by Mar'24
426929,3 BHK,1640 sq.ft,Super Area,1.47 Cr,Possession by Dec'26
426929,3 BHK,1700 sq.ft,Super Area,1.55 Cr,Possession by Dec'26
426929,2 BHK,1280 sq.ft,Super Area,1.14 Cr,Possession by Dec'26
426929,2 BHK,1310 sq.ft,Super Area,1.17 Cr,Possession by Dec'26
426929,2 BHK,1350 sq.ft,Super Area,1.21 Cr,Possession by Dec'26
426929,2 BHK,1415 sq.ft,Super Area,1.27 Cr,Possession by Dec'26
426929,2 BHK,1435 sq.ft,Super Area,1.28 Cr,Possession by Dec'26
430075,3 BHK,2004 sq.ft,Super Area,2.78 Cr,Possession by Dec'28
430075,3 BHK,2005 sq.ft,Super Area,2.84 Cr,Possession by Dec'28
430075,3 BHK,2013 sq.ft,Super Area,2.85 Cr,Possession by Dec'28
430075,3 BHK,2020 sq.ft,Super Area,2.86 Cr,Possession by Dec'28
430075,3 BHK,2121 sq.ft,Super Area,3.01 Cr,Possession by Dec'28
430075,3 BHK,2226 sq.ft,Super Area,3.16 Cr,Possession by Dec'28
430075,3 BHK,2228 sq.ft,Super Area,3.16 Cr,Possession by Dec'28
430075,3 BHK,2244 sq.ft,Super Area,3.18 Cr,Possession by Dec'28
430075,3 BHK,2267 sq.ft,Super Area,3.21 Cr,Possession by Dec'28
430075,3 BHK,2401 sq.ft,Super Area,3.40 Cr,Possession by Dec'28
430075,3 BHK,2414 sq.ft,Super Area,3.42 Cr,Possession by Dec'28
430075,3 BHK,2482 sq.ft,Super Area,3.49 Cr,Possession by Dec'28
430075,3 BHK,2490 sq.ft,Super Area,3.52 Cr,Possession by Dec'28
430075,5 BHK,2540 sq.ft,Super Area,3.60 Cr,Possession by Dec'28
430075,5 BHK,3503 sq.ft,Super Area,4.97 Cr,Possession by Dec'28
430075,5 BHK,3540 sq.ft,Super Area,5.02 Cr,Possession by Dec'28
430075,5 BHK,3544 sq.ft,Super Area,5.03 Cr,Possession by Dec'28
430075,5 BHK,3688 sq.ft,Super Area,5.23 Cr,Possession by Dec'28
430075,5 BHK,3692 sq.ft,Super Area,5.24 Cr,Possession by Dec'28
430075,5 BHK,3698 sq.ft,Super Area,5.25 Cr,Possession by Dec'28
430075,5 BHK,3892 sq.ft,Super Area,5.52 Cr,Possession by Dec'28
430075,4 BHK,2187 sq.ft,Super Area,3.10 Cr,Possession by Dec'28
430075,4 BHK,2225 sq.ft,Super Area,Price Not Available,Possession Not Available
